المحاسبة;Accounting;ACC
محاسبة;Accounting;ACC
تقنيةالمحاسبةوالإدارةالمالية;Accounting And Financial Management Technology;ACCANDFINMANTEC
المحاسبةالآلية;Accounting Mechanism;ACCMEC
الإدارة;Administration;ADM
إدارةمستشفيات;Administration Hospitals;ADMHOS
العلومالإدارية;Administration Science;ADMSCI
نظمإدارية;Administrative Systems;ADMSYS
تعليمالكباروالتعليمالمستمر;Adult Education And Continuing Education;ADUEDUANDCONEDU
الإعلان;Advertising;ADV
عامالإعلان;Advertising;ADV
عامالدعوةوأصولالدين;Advocacy And the Origins of Religion;ADVANDORIREL
هندسةالطيرانوالفضاء;Aerospace Engineering;AERENG
عامالعلومالزراعيةوالأغذية;Agricultural And Food Sciences;AGRANDFOOSCI
إنتاجالحيوانالزراعي;Agricultural Animal Production;AGRANIPRO
الاقتصادالزراعي;Agricultural Economy;AGRECO
الهندسةالزراعية;Agricultural Engineering;AGRENG
عامزراعة;Agriculture;AGR
طبالطوارئالجوي;Air Emergency Medicine;AIREMEMED
الجبر;Algebra;ALG
تحليل;Analysis;ANA
كيمياءتحليلية;Analytic Chemistry;ANACHE
الكيمياءالتحليلية;Analytical Chemistry;ANACHE1
سياحةوآثار;Effects of Tourism;EFFTOU
التخدير;Anesthesia;ANE
التخديروالعمليات;Anesthesia And Processes;ANEANDPRO
التخديرلأمراضالقلب;Anesthesia For Heart Disease;ANEFORHEADIS
التخديرلدىالأطفال;Anesthesia In Children;ANEINCHI
التخديرلدىالنساء;Anesthesia In Women;ANEINWOM
طبالتخدير;Anesthesiology;ANE1
حيوان;Animal;ANI
أحياءحيوان;Animal Alive;ANIALI
البيئةالحيوانيةوالتلوث;Animal And Environmental Pollution;ANIANDENVPOL
علومالانتاجالحيواني;Animal Production Science;ANIPROSCI
آثارقديمة;Antiquities;ANT
الفنونالتطبيقية;Applied Arts;APPART
علومالحاسبالآليالتطبيقي;Applied Computer Science;APPCOMSCI
المحاسبةالماليةالتطبيقي;Applied Financial Accounting;APPFINACC
اللغوياتالتطبيقية;Applied Linguistics;APPLIN
التسويقالتطبيقي;Applied Marketing;APPMAR
الرياضياتالتطبيقية;Applied Mathematics;APPMAT
عامعلومطبيةتطبيقية;Applied Medical Sciences;APPMEDSCI
عامالعلومالطبيةالتطبيقية;Applied Medical Sciences;APPMEDSCI
العلومالتطبيقية;Applied Science;APPSCI
الإحصاءالتطبيقي;Applied Statistics;APPSTA
اللغةالعربية;Arabic Language;ARALAN
لغةعربية;Arabic Language;ARALAN
عاماللغةالعربية;Arabic Language;ARALAN
اللغةالعربيةوآدابها;Arabic Language And Its Literature;ARALANANDITSLIT
التصميمالمعماري;Architectural Design;ARCDES
هندسةمعمارية;Architectural Engineering;ARCENG
الهندسةالمعمارية;Architecture;ARC
العمارة;Architecture;ARC
العمارة-تصميمداخلي;Architecture - Interior Design;ARCINTDES
العمارةوعلومالبناء;Architecture And Building Sciences;ARCANDBUISCI
المساحة;Area;ARE
زراعةالمناطقالجافة;Arid Land Agriculture;ARILANAGR
الحسبة;Arithmetic;ARI
التصاميموالفنون-التصميمالداخلي;Art And Design - Interior Design;ARTANDDESINTDES
تربيةفنية;Art Education;ARTEDU
التربيةالفنية;Art Education;ARTEDU
فنالنسيج;Art of Textiles;ARTTEX
أصولفقه;Assets Jurisprudence;ASSJUR
مساعدطبيب;Assistant Doctor;ASSDOC
الفلك;Astronomy;AST
إدارةالأعمالالتنفيدية;Atidah Business Administration;ATIBUSADM
العوقالسمعي;Auditory Handicap;AUDHAN
اضطراباتطيفالتوحد;Autism Spectrum Disorders;AUTSPEDIS
التحكمالآليوالحاسبات;Automated Control Systems And Computers;AUTCONSYSANDCOM
هندسةالطيران;Aviation Engineering;AVIENG
إدارةأعمالبنكية;Bank Business Administration;BANBUSADM
الأعمالالمصرفيةوالتمويل;Banking And Finance;BANANDFIN
أعمالبنكية;Banking Business;BANBUS
الأعمالالبنكية;Banking Business;BANBUS
المعاملاتالمصرفية;Banking Transactions;BANTRA
التعليمالأساسيلغةعربية;Basic Education And Arabic Language;BASEDUANDARALAN
التعليمالأساسيدراساتقرآنية;Basic Education Koranic Studies;BASEDUKORSTU
التعليمالأساسيرياضيات;Basic Education Mathematics;BASEDUMAT
التعليمالأساسيعلوم;Basic Education Sciences;BASEDUSCI
العلومالأساسيةوموادالأعداد;Basic Sciences And Material Numbers;BASSCIANDMATNUM
الاضطراباتالسلوكيةوالانفعالية;Behavioral And Emotional Disorders;BEHANDEMODIS
الاضطراباتالسلوكيةوالتوحد;Behavioral Disorders And Autism;BEHDISANDAUT
الكيمياءالحيوية;Biochemistry;BIO
كيمياءحيوية;Biochemistry;BIO
التنوعالإحيائي;Biodiversity;BIO1
العلومالحيوية;Biological Sciences;BIOSCI
الاحياء;Biology;BIO2
أحياء;Biology;BIO2
الأحياء;Biology;BIO2
التكنولوجياالطبيةالحيوية;Biomedical Technology;BIOTEC
أمراضالدموالمصل;Blood And Serum Diseases;BLOANDSERDIS
الولادةوالتناسلياتوالتلقيحالاصطناعيونقلالأجنة;Born And Altanasliat Artificial Insemination And Embryo Transfer;BORANDALTARTINSANDEMBTRA
عمارة;Building;BUI
المحاسبةالتجارية;Business Accounting;BUSACC
عامإدارةأعمال;Business Administration;BUSADM
إدارةأعمال;Business Administration;BUSADM
إدارةالاعمال;Business Management;BUSMAN
إدارةالأعمال;Business Management;BUSMAN
إدارةالأعمالللمديرينالتنفيذين;Business Managers Executives;BUSMANEXE
الدراساتالتجارية;Business Studies;BUSSTU
الدعوة;Call;CAL
كهرباءسيارات;Car Electricitie;CARELE
رعايةالجرحىلدىالكبار;Care For the Wounded Adult;CARFORWOUADU
المهنيفيالمحاسبة;Career In Accounting;CARINACC
بيولوجياالخليةوالوراثةوالأنسجة;Cell Biology And Genetics And Tissue;CELBIOANDGENANDTIS
الطوارئالطبيةوالعنايةالمركزية;Central Emergency Medical Care;CENEMEMEDCAR
الهندسةالكيميائية;Chemical Engineering;CHEENG
هندسةكيميائية;Chemical Engineering;CHEENG
هندسةكيميائية-البوليمرات;Chemical Engineering - Polymers;CHEENGPOL
صناعاتكيميائية;Chemical Industries;CHEIND
المختبراتالكيميائية;Chemical Laboratories;CHELAB
مختبراتكيميائية;Chemical Laboratories;CHELAB
إنتاجكيميائي;Chemical Production;CHEPRO
الكيمياء;Chemistry;CHE
كيمياء;Chemistry;CHE
الأمراضالصدرية;Chest's Diseases;CHESDIS
الصيدلانات;Chidlanat;CHI
تقنياتتعليمالطفولة;Childhood Education Techniques;CHIEDUTEC
تمريضالطفولة;Childhood Nursing;CHINUR
تخطيطالمدنوالأقاليم;City And Regional Planning;CITANDREGPLA
هندسةمدنية;Civil Engineering;CIVENG
الهندسةالمدنية;Civil Engineering;CIVENG
الكيمياءالحيويةالسريرية;Clinical Biochemistry;CLIBIO
علمالكيمياءالسريرية;Clinical Chemistry;CLICHE
علوممختبراتإكلينيكية;Clinical Laboratory Sciences;CLILABSCI
علومالمختبراتالإكلينيكية;Clinical Laboratory Sciences;CLILABSCI
التغذيةالسريرية;Clinical Nutrition;CLINUT
تغذيةإكلينيكية;Clinical Nutrition;CLINUT
الصيدلةالسريرية;Clinical Pharmacy;CLIPHA
الصيدلةالإكلينيكية;Clinical Pharmacy;CLIPHA
صيدلةإكلينيكية;Clinical Pharmacy;CLIPHA
صيدلةسريرية;Clinical Pharmacy;CLIPHA
علمالنفسالعيادي;Clinical Psychology;CLIPSY
الملابسوالنسيجمعإعدادتربوي;Clothing And Fabric With Educational Preparation;CLOANDFABWITEDUPRE
الملابسوالنسيج;Clothing And Textiles;CLOANDTEX
برنامجالاختباراتالائتلافية;Coalition Testing Program;COATESPRO
القانونالتجاري;Commercial Law;COMLAW
اتصالات;Communication;COM
الاتصالوالإعلام;Communication And Information;COMANDINF
الاتصالاتوشبكاتالحاسب;Communications & Computer Networks;COMCOMNET
هندسةالاتصالات;Communications Engineering;COMENG
تمريضصحةالمجتمع;Community Health Nursing;COMHEANUR
الفقهالمقارن;Comparative Jurisprudence;COMJUR
عامحاسبآلي;Computer;COM1
حاسبآلي;Computer;COM1
الحاسبالآلي;Computer;COM1
علومالحاسبوالمعلومات;Computer And Information Sciences;COMANDINFSCI
عامعلومالحاسبوالمعلومات;Computer And Information Sciences;COMANDINFSCI
تطبيقاتالحاسبالآلي;Computer Applications;COMAPP
هندسةالحاسبالآلي;Computer Engineering;COMENG1
هندسةحاسب;Computer Engineering;COMENG1
هندسةالحاسب;Computer Engineering;COMENG1
هندسةالحاسبات;Computer Engineering;COMENG1
نظمالمعلوماتالحاسوبية;Computer Information Systems;COMINFSYS
صيانةالحاسبالآلي;Computer Maintenance;COMMAI
شبكاتالحاسبالآلي;Computer Networks;COMNET
شبكاتالحاسب;Computer Networks;COMNET
برمجةالحاسب;Computer Programming;COMPRO
برمجةالحاسبونظمالمعلومات;Computer Programming And Information Systems;COMPROANDINFSYS
علومالحاسبات;Computer Science;COMSCI
علومحاسبآلي;Computer Science;COMSCI
عامعلومالحاسب;Computer Science;COMSCI
علومالحاسبالآلي;Computer Science;COMSCI
علومالحاسب;Computer Science;COMSCI
علومحاسب;Computer Science;COMSCI
عامعلوموهندسةالحاسبات;Computer Science And Engineering;COMSCIANDENG
عامعلومالحاسبوتقنيةالمعلومات;Computer Science And Information Technology;COMSCIANDINFTEC
تقنياتالحاسبوإدارةالنظم;Computer Systems And Management Techniques;COMSYSANDMANTEC
عامتقنيةحاسبوتقنيةالمعلومات;Computer Technology And Information Technology;COMTECANDINFTEC
عامالحاسباتوتقنيةالمعلومات;Computing And Information Technology;COMANDINFTEC
العلاجالتحفظيوطبالأسنانالتجميلي;Conservative Dentistry Dental Aesthetic Medicine;CONDENDENAESMED
هندسةالتشييد;Construction Engineering;CONENG
هندسةإنشاءات;Construction Engineering;CONENG
هندسةانشاءات;Construction Engineering;CONENG
هندسةوإدارةالتشييد;Construction Engineering And Management;CONENGANDMAN
التجميل;Cosmetology;COS
الإرشادوالتوجيه;Counseling And Guidance;COUANDGUI
علمالنفسالإرشادي;Counseling Psychology;COUPSY
إحصاء;Count;COU
العقيدة;Creed;CRE
القانونالجنائي;Criminal Law;CRILAW
طبالعنايةالحرجةللكبار;Critical Care Medicine For Adults;CRICARMEDFORADU
طبالعنايةالمركزةلدىالأطفال;Critical Care Medicine In Children;CRICARMEDINCHI
علومالمحاصيل;Crop Science;CROSCI
مناهجوطرقتدريساللغةالعربية;Curricula And Methods of Teaching Arabic Language;CURANDMETTEAARALAN
مناهجوطرقتدريسالحاسب;Curricula And Methods of Teaching Computer;CURANDMETTEACOM
مناهجوطرقتدريسالحاسبالآلي;Curricula And Methods of Teaching Computer;CURANDMETTEACOM
المناهجوطرقتدريسالدراساتالإسلامية;Curricula And Methods of Teaching Islamic Studies;CURANDMETTEAISLSTU
مناهجوطرقتدريسالرياضيات;Curricula And Methods of Teaching Mathematics;CURANDMETTEAMAT
المناهجوطرقتدريسالرياضيات;Curricula And Methods of Teaching Mathematics;CURANDMETTEAMAT
مناهجوطرقتدريسالعلوم;Curricula And Methods of Teaching Science;CURANDMETTEASCI
المناهجوطرقتدريسالعلوم;Curricula And Methods of Teaching Science;CURANDMETTEASCI
مناهجووسائلتعليمية;Curricula And Teaching Aids;CURANDTEAAID
مناهجوطرقتدريساللغةالإنجليزية(موازي);Curricula And Teaching Methods In English (parallel);CURANDTEAMETINENGPAR
مناهجوطرقتدريسالتربيةالأسرية;Curricula And Teaching Methods of Family Education;CURANDTEAMETFAMEDU
مناهجوطرقتدريسالعلومالشرعية;Curricula And Teaching Methods of Forensic Science;CURANDTEAMETFORSCI
مناهجوطرقتدريسالجغرافيا;Curricula And Teaching Methods of Geography;CURANDTEAMETGEO
مناهجوطرقتدريسالعلومالإسلامية;Curricula And Teaching Methods of Islamic Sciences;CURANDTEAMETISLSCI
مناهجوطرقتدريسالتربيةالرياضية;Curricula And Teaching Methods of Physical Education;CURANDTEAMETPHYEDU
المناهجوطرقالتدريسالعامة;Curriculum And General Teaching;CURANDGENTEA
المناهجوطرقالتدريس;Curriculum And Instruction;CURANDINS
مناهجوطرقتدريسالعلومالاجتماعية;Curriculum And Instruction of Social Sciences;CURANDINSSOCSCI
مناهجوطرقتدريساللغةالإنجليزية;Curriculum And Teaching English;CURANDTEAENG
المناهجوطرقتدريساللغةالإنجليزية;Curriculum And Teaching English;CURANDTEAENG
مناهجوطرقتدريس;Curriculum And Teaching Methods;CURANDTEAMET
مناهجوطرقتدريسالتاريخ;Curriculum And Teaching of History;CURANDTEAHIS
تاريخ;Date;DAT
التاريخ;Date;DAT
الدعوةوالثقافةالإسلامية;Dawa Islamic Culture;DAWISLCUL
الدعوةوالثقافةالاسلامية;Dawa Islamic Culture;DAWISLCUL
علومالقرارات;Decisions Sciences;DECSCI
طبوجراحةالفموالأسنان;Dental And Oral Surgery;DENANDORASUR
طبأمراضالعقملدىالنساء;Dental Diseases, Infertility In Women;DENDISINFINWOM
رعايةصحةالأسنان;Dental Health Care;DENHEACAR
ترميمالأسنان;Dental Restorations;DENRES
طبوجراحةالأسنان;Dental Surgery;DENSUR
تقنيةالأسنان;Dental Technology;DENTEC
طبالأسنان;Dentistry;DEN
طبالفموالأسنان;Dentistry;DEN
طبأسنانعام;Dentistry In;DENIN
طبالأمراضالجلدية;Dermatology;DER
هندسةتحليةالمياة;Desalination Engineering;DESENG
التصميم;Design;DES
التصميموالميكانيكاالتطبيقية;Design And Applied Mechanics;DESANDAPPMEC
تصميموإنتاجالملابس;Design And Production of Clothing;DESANDPROCLO
تصميمالملابسوالحلي;Design Clothes And Ornaments;DESCLOANDORN
علومتشخيصالفم;Diagnosis of Oral Sciences;DIAORASCI
علومالتشخيصوطبالفم;Diagnostic Medicine Mouth Sciences;DIAMEDMOUSCI
أشعةتشخيصية;Diagnostic Radiation;DIARAD
الأشعةالتشخيصية;Diagnostic Radiology;DIARAD1
امراضالجهازالهضمي;Digestive Disease;DIGDIS
أمراضالجهازالهضميلدىالأطفال;Digestive Diseases In Children;DIGDISINCHI
الإعلامالرقمي;Digital Media;DIGMED
دبلومالمصارف;Diploma Banks;DIPBAN
إعاقةعقلية;Disability;DIS
العقيدةوالمذاهبالمعاصرة;Doctrine And Contemporary Doctrines;DOCANDCONDOC
العقيدةوالمذاهبالمعاصره;Dogma And Doctrines Contemporary;DOGANDDOCCON
الإصلاحالأسري;Domestic Reform;DOMREF
الرسموالتصوير;Drawing And Painting;DRAANDPAI
العقاقير;Drugs;DRU
الأعمالالإلكترونية;E-business;EBUS
التجارةالإلكترونية;E-commerce;ECOM
جراحةالأنفوالأذنوالحنجرة;Ear, Nose And Throat Surgery;EARNOSANDTHRSUR
جراحةالأنفوالأذنوالحنجرةلدىالأطفال;Ear, Nose And Throat Surgery In Children;EARNOSANDTHRSURINCHI
تربيةالطفولةالمبكرة;Early Childhood Education;EARCHIEDU
الجيولوجياالاقتصادية;Economic Geology;ECOGEO
اقتصادوادارة;Economics And Administration;ECOANDADM
الاقتصاد;Economy;ECO
اقتصاد;Economy;ECO
عامالتربية;Education;EDU
التربية;Education;EDU
التربيةوالتنميةالبشرية;Education And Human Development;EDUANDHUMDEV
التربيةورياضالأطفال;Education And Kindergartens;EDUANDKIN
التربيةوعلمالنفس;Education And Psychology;EDUANDPSY
التربيةفيالإدارةوالإشرافالتربوي;Education In Educational Administration And Supervision;EDUINEDUADMANDSUP
التربيةفيوسائلوتكنولوجياالتعليم;Education In the Media And Technology Education;EDUINMEDANDTECEDU
تقنياتالتعليم;Education Technology;EDUTEC
الإدارةالتربوية;Educational Administration;EDUADM
الادارةالتربوية;Educational Administration;EDUADM
الإدارةالتعليمية;Educational Administration;EDUADM
الإدارةالتربويةوالتخطيط;Educational Administration And Planning;EDUADMANDPLA
إدارةتربويةوتخطيط;Educational Administration And Planning;EDUADMANDPLA
الإدارةوالإشرافالتربوي;Educational Administration And Supervision;EDUADMANDSUP
القيادةالتربوية;Educational Leadership;EDULEA
علمالنفسالتربوي;Educational Psychology;EDUPSY
علمالنفسالتربويوالنمو;Educational Psychology And Growth;EDUPSYANDGRO
عامخدماتتعليمية;Educational Services;EDUSER
إشرافتربوي;Educational Supervision;EDUSUP
قوىكهربائية;Electric Power;ELEPOW
التقنيةالكهربائية;Electrical;ELE
الهندسةالكهربائيةوهندسةالحاسبات;Electrical And Computer Engineering;ELEANDCOMENG
هندسةكهربائية;Electrical Engineering;ELEENG
الهندسةالكهربائية;Electrical Engineering;ELEENG
آلاتومعداتكهربائية;Electrical Machines And Equipment;ELEMACANDEQU
آلاتوقوىكهربائية;Electrical Machines And Forces;ELEMACANDFOR
القوىالكهربائية;Electrical Power;ELEPOW1
تقنيةهندسةالقوىالكهربائية;Electrical Power Engineering Technology;ELEPOWENGTEC
تقنيةالقوىالكهربائية;Electrical Power Technology;ELEPOWTEC
خدمةالمعلوماتالإلكترونية;Electronic Information Service;ELEINFSER
إلكترونيات;Electronics;ELE1
الالكترونياتوالاتصالات;Electronics And Communication;ELEANDCOM
تقنيةهندسةالإلكترونيات;Electronics Engineering Technology;ELEENGTEC
تقنيةالإلكترونيات;Electronics Technology;ELETEC
التعليمالإبتدائيعلوم;Elementary Science Education;ELESCIEDU
الإسعافوالطوارئ;Emergency;EME
الرعايةالطبيةالطارئة;Emergency Medical Care;EMEMEDCAR
طبالطوارئ;Emergency Medicine;EMEMED
طبطوارئلدىأطفال;Emergency Medicine At Children;EMEMEDATCHI
طبالطوارئلدىالكبار;Emergency Medicine In Adults;EMEMEDINADU
تقنيةطبالطوارئ;Emergency Medicine Technology;EMEMEDTEC
تمريضالطوارئ;Emergency Nursing;EMENUR
أمراضالغددالصماء;Endocrine Diseases;ENDDIS
الغددالصماءلدىالأطفال;Endocrine Glands In Children;ENDGLAINCHI
علاجالجذوروعصبالأسنان;Endodontics And Dental Nerve;ENDANDDENNER
هندسة;Engineering;ENG
عامهندسة;Engineering;ENG
الهندسة-تصميمداخلي;Engineering - Interior Design;ENGINTDES
هندسةوإدارةتشييد;Engineering And Construction Management;ENGANDCONMAN
الهندسةوالتبولوجي;Engineering And Topological;ENGANDTOP
الإدارةالهندسية;Engineering Management;ENGMAN
محركاتومركبات;Engines And Vehicles;ENGANDVEH
مساراللغةالإنجليزية;English Language;ENGLAN
لغةإنجليزية;English Language;ENGLAN
اللغةالإنجليزية;English Language;ENGLAN
اللغةالانجليزية;English Language;ENGLAN
اللغةالإنجليزيةوآدابها;English Language And Literature;ENGLANANDLIT
اللغةالإنجليزيةوالترجمة;English Language And Translation;ENGLANANDTRA
الأدبالإنجليزي;English Literature;ENGLIT
حمايةالبيئة;Environment Protection;ENVPRO
هندسةالبيئة;Environmental Engineering;ENVENG
صحةالبيئة;Environmental Health;ENVHEA
العلومالبيئية;Environmental Science;ENVSCI
علومبيئية;Environmental Science;ENVSCI
الوبائيات;Epidemiology;EPI
الإدارةالعامةالتنفيذية;Executive General Administration;EXEGENADM
إدارةالخدماتالصحيةوالمستشفياتالتنفيذي;Executive Management of Health Services And Hospitals;EXEMANHEASERANDHOS
الماجستيرالتنفيذيفيإدارةالأعمال;Executive Master of Business Administration;EXEMASBUSADM
السكرتيرالتنفيذي;Executive Secretary;EXESEC
جراحةالعيون;Eye Surgery;EYESUR
علومالأسرةوالطفولة;Family And Children Science;FAMANDCHISCI
الإرشادالإسري;Family Counseling;FAMCOU
الإرشادالأسري;Family Counseling;FAMCOU
التربيةالأسريةمعإعدادتربوي;Family Education With Educational Preparation;FAMEDUWITEDUPRE
التربيةالأسرية;Family Life Education;FAMLIFEDU
طبالأسرةوالمجتمع;Family Medicine;FAMMED
تصميمالأزياء;Fashion Design;FASDES
تصاميمالأزياء;Fashion Designs;FASDES1
المالية;Finance;FIN
العلومالمالية;Finance;FIN
التمويلوالاستثمار;Finance And Investment;FINANDINV
إدارةالتمويلوالاستثمار;Finance And Investment Management;FINANDINVMAN
المحاسبةالمالية;Financial Accounting;FINACC
الإدارةالمالية;Financial Administration;FINADM
العلومالماليةوالإدارية;Financial And Administrative Sciences;FINANDADMSCI
عامماليةوإدارية;Financial And Administrative Year;FINANDADMYEA
ماليةوبنوك;Financial And Banks;FINANDBAN
إدارةمالية;Financial Management;FINMAN
الرقابةالمالية;Financial Supervision;FINSUP
الفقه;Fiqh;FIQ
الثروةالسمكية;Fisheries;FIS
الغذاءوالتغذية;Food And Nutrition;FOOANDNUT
هندسةتصنيعالأغذية;Food Process Engineering;FOOPROENG
تقنيةالتصنيعالغذائي;Food Processing Technology;FOOPROTEC
إنتاجطعام;Food Production;FOOPRO
سلامةالأغذية;Food Safety;FOOSAF
علومالأغذية;Food Science;FOOSCI
علومالأغذيةوتقنياتها;Food Science And Technology;FOOSCIANDTEC
خدمةالطعام;Food Service;FOOSER
اللغاتالأجنبية;Foreign Languages;FORLAN
العلومالشرعية;Forensic Science;FORSCI
أصولالتربية;Foundations of Education;FOUEDU
اللغةالفرنسيةوالترجمة;French Language And Translation;FRELANANDTRA
التمويل;Funding;FUN
إدارةعامة;General Administration;GENADM
أحياءعامة;General Biology;GENBIO
مناهجعامة;General Curricula;GENCUR
الدبلومالعامفيالتربية;General Diploma In Education;GENDIPINEDU
دبلومعامفيالتربية;General Diploma In Education;GENDIPINEDU
الدبلومالعامفيالدراساتالإسلامية;General Diploma In Islamic Studies;GENDIPINISLSTU
إدارةالتعليمالعام;General Education Department;GENEDUDEP
دبلومالتربيةالعام;General Education Diploma;GENEDUDIP
الدبلومالتربويالعام;General Educational Diploma Program;GENEDUDIPPRO
عامآداب;General Etiquette;GENETI
طبوجراحةعامة;General Medicine And Surgery;GENMEDANDSUR
عامحقوق;General Rights;GENRIG
عامعلوم;General Science;GENSCI
الجراحةالعامة;General Surgery;GENSUR
علمالوراثه;Genetics;GEN
نظمالمعلوماتالجغرافية;Geographic Information Systems;GEOINFSYS
جغرافياالتنميةالاقليمية;Geographically Regional Development;GEOREGDEV
جغرافياالعمرانوالسكان;Geographically Urbanization And Population;GEOURBANDPOP
الجغرافيا;Geography;GEO
جغرافيا;Geography;GEO
الجغرافياونظمالمعلوماتالجغرافية;Geography And Gis;GEOANDGIS
جغرافياالبيئةوالمواردالطبيعية;Geography Environment And Natural Resources;GEOENVANDNATRES
الجيولوجيا;Geology;GEO1
الجيوفيزياء;Geophysics;GEO2
جيوفيزياء;Geophysics;GEO2
نظمالمعلوماتالجغرافيةوالخرائط;Gis And Mapping Systems;GISANDMAPSYS
النحووالصرف;Grammar;GRA
النحووالصرف-بريدة;Grammar - Buraidah;GRABUR
النحوواللغة;Grammar, Language;GRALAN
الرسموالفنون;Graphic Arts;GRAART
تصميمالرسومات;Graphic Design;GRADES
التصميمالجرافيكي;Graphic Design;GRADES
نمو;Growth;GRO
التوجيهوالإرشاد;Guidance And Counseling;GUIANDCOU
توجيهوإرشادنفسي;Guidance And Counseling For Myself;GUIANDCOUFORMYS
توجيةوإرشادطلابي;Guidance And Counseling For Students;GUIANDCOUFORSTU
توجيهوإرشادطلابي;Guidance And Counseling For Students;GUIANDCOUFORSTU
التوجيهوالإرشادالطلابي;Guidance And Counseling Students;GUIANDCOUSTU
دبلومالتوجيهوالارشادالطلابي;Guidance And Counseling Students Diploma;GUIANDCOUSTUDIP
التوجيةوالإرشادالتربوي;Guidance And Educational Guidance;GUIANDEDUGUI
التوجيهوالإرشادالنفسي;Guidance And Psychological Counseling;GUIANDPSYCOU
دبلومالتوجيهوالارشادالنفسي;Guidance And Psychological Counseling Diploma;GUIANDPSYCOUDIP
طبالنساءوالولادة;Gynecology And Obstetrics;GYNANDOBS
عامالحديثالشريفوالدراساتالإسلامية;Hadith And Islamic Studies;HADANDISLSTU
الحديثوعلومه;Hadith And Its Sciences;HADANDITSSCI
إدارةالصحةوالمستشفيات;Health And Hospital Management;HEAANDHOSMAN
المعلوماتيةالصحية;Health Informatics;HEAINF
إدارةمعلوماتصحية;Health Information Management;HEAINFMAN
الإدارةالصحية;Health Management;HEAMAN
البرامجالصحية;Health Programs;HEAPRO
العلومالصحية;Health Sciences;HEASCI
عامعلومصحية;Health Sciences;HEASCI
إدارةالخدماتالصحيةوالمستشفيات;Health Services And Hospital Management;HEASERANDHOSMAN
إدارةالخدماتالصحية;Health Services Management;HEASERMAN
إدارةالأنظمةوالجودةالصحية;Health Systems Management And Quality;HEASYSMANANDQUA
الإعاقةالسمعية;Hearing Disability;HEADIS
الاعاقةالسمعية;Hearing Disability;HEADIS
أمراضالقلبلدىالأطفال;Heart Disease In Children;HEADISINCHI
أمراضالقلب;Heart Diseases;HEADIS1
جراحةالقلب;Heart Surgery;HEASUR
الحرارةوالموائع;Heat And Fluid;HEAANDFLU
الحرارةوتحليةالمياة;Heat And Water Desalination;HEAANDWATDES
علمأمراضالدم;Hematology;HEM
إدارةالتعليمالعالي;Higher Education Administration;HIGEDUADM
علمالأنسجة;Histology;HIS
التاريخوالحضارة;History And Civilization;HISANDCIV
التاريخوالحضارة-بريدة;History And Civilization - Buraidah;HISANDCIVBUR
عامالقرآنالكريموالدراساتالإسلامية;Holy Quran And Islamic Studies;HOLQURANDISLSTU
الاقتصادالمنزلي;Home Economics;HOMECO
اقتصادمنزلي;Home Economics;HOMECO
الاقتصادالمنزليالتربوي;Home Economics Education;HOMECOEDU
علومالاقتصادالمنزلي;Home Economics Sciences;HOMECOSCI
الفندقة;Hospitality;HOS
الإسكانوإدارةالمنزل;Housing And Home Management;HOUANDHOMMAN
السكنوإدارةالمنزل;Housing And Home Management;HOUANDHOMMAN
السكنوإدارةالمنزلمعإعدادتربوي;Housing And Home Management With Educational Preparation;HOUANDHOMMANWITEDUPRE
السكنوإدارةالمؤسسات;Housing And Management Institutions;HOUANDMANINS
إدارةمواردبشرية;Hr Management;HRMAN
جغرافيابشرية;Human Geography;HUMGEO
الطبالبشري;Human Medicine;HUMMED
إدارةالمواردالبشرية;Human Resource Management;HUMRESMAN
المواردالبشرية;Human Resources;HUMRES
مواردبشرية;Human Resources;HUMRES
البرامجالإنسانية;Humanitarian Programs;HUMPRO
العلومالإنسانية;Humanities;HUM
الإمامةوالخطابة;Imamate And Rhetoric;IMAANDRHE
عامإعلام;Media;MED
الهندسةالصناعيةوالنظم;Industrial And Systems Engineering;INDANDSYSENG
إلكترونياتصناعيةوتحكم;Industrial Electronics And Control;INDELEANDCON
الكترونياتصناعيةوتحكم;Industrial Electronics And Control;INDELEANDCON
الهندسةالصناعية;Industrial Engineering;INDENG
هندسةصناعية;Industrial Engineering;INDENG
هندسةصناعية-العواملالإنسانيةوالسلامة;Industrial Engineering - Human Factors And Safety;INDENGHUMFACANDSAF
الإدارةالصناعية;Industrial Management;INDMAN
النظمالصناعية;Industrial Systems;INDSYS
تكنولوجياالمعلوماتوالاتصالاتفيالتربية;Information And Communication Technology In Education;INFANDCOMTECINEDU
تقنيةالمعلوماتوالحاسبالآلي;Information And Computer Technology;INFANDCOMTEC
إدارةالمعلومات;Information Management;INFMAN
شبكاتالمعلومات;Information Networks;INFNET
علمالمعلومات;Information Science;INFSCI
أمنالمعلومات;Information Security;INFSEC
نظممعلومات;Information Systems;INFSYS
نظمالمعلومات;Information Systems;INFSYS
تقنيةالمعلومات;Information Technology;INFTEC
وراثة;Inheriting;INH
الصفوفالإولية;Initial Rows;INIROW
كيمياءغيرعضوية;Inorganic Chemistry;INOCHE
الحشراتوالطفيليات;Insects And Parasites;INSANDPAR
تأمين;Insurance;INS
عملياتالتأمين;Insurance Operations;INSOPE
التصميمالداخلي;Interior Design;INTDES
هندسةالتصميمالداخلي;Interior Design Engineering;INTDESENG
التمريضالباطنيوالجراحيللكبار;Internal And Surgical Nursing For Adults;INTANDSURNURFORADU
الطبالباطني;Internal Medicine;INTMED
التربيةالدوليةالمقارنة;International Comparative Education;INTCOMEDU
العلاقاتالدولية;International Relations;INTREL
التفسير;Interpretation;INT
تفسيروحديث;Interpretation And Modern;INTANDMOD
التفسيروعلومالقرآن;Interpretation of the Qur'an And Science;INTQURANANDSCI
التفسيروعلومالقرآنـبريدة;Interpretation of the Qur'an And Science Buraidah;INTQURANANDSCIBUR
التحقيقوالادعاءالعام;Investigation And Prosecution;INVANDPRO
هندسةريوصرف;Irrigation And Drainage Engineering;IRRANDDRAENG
العمارةالإسلامية;Islamic Architecture;ISLARC
الأصولالإسلاميةللتربية;Islamic Asset For Education;ISLASSFOREDU
الدعوةالإسلامية;Islamic Call;ISLCAL
الثقافةالإسلامية;Islamic Culture;ISLCUL
الاقتصادالإسلامي;Islamic Economics;ISLECO
الإقتصادالإسلامي;Islamic Economics;ISLECO
التربيةالإسلاميةوالمقارنة;Islamic Education And Comparison;ISLEDUANDCOM
آثارإسلامية;Islamic Effects;ISLEFF
العصورالإسلامية;Islamic Eras;ISLERA
الإدارةالماليةالإسلامية;Islamic Financial Management;ISLFINMAN
التاريخالإسلامي;Islamic History;ISLHIS
تاريخإسلامي;Islamic History;ISLHIS
السياسةالشرعية;Islamic Politics;ISLPOL
التربيةالإسلامية;Islamic Principals;ISLPRI
دراساتإسلامية;Islamic Studies;ISLSTU
الدراساتالإسلامية;Islamic Studies;ISLSTU
دراساتاسلامية;Islamic Studies;ISLSTU
رياضياتبحتةـجبر;Jabr Purely Mathematics;JABPURMAT
الدراساتالقضائية;Judicial Studies;JUDSTU
فقه;Jurisprudence;JUR
أصولالفقه;Jurisprudence;JUR
فقهوأصول;Jurisprudence And Assets;JURANDASS
أمراضالكلى;Kidney Disease;KIDDIS
رياضالأطفال;Kindergarten;KIN
رياضالأطفالمعإعدادتربوي;Kindergarten With Educational Preparation;KINWITEDUPRE
رياضأطفال;Kindergartens;KIN1
تقنيةالمختبرات;Laboratory Technology;LABTEC
الأراضيوالمياه;Land And Water;LANANDWAT
اللغةوالثقافة;Language And Culture;LANANDCUL
اللغةوالنحووالصرف;Language And Grammar;LANANDGRA
اللغاتوالترجمة;Languages ​​and Translation;LANANDTRA
عام-قانون;Law;LAW
عامشريعة;Law;LAW
قانون;Law;LAW
القانون;Law;LAW
القانونوالممارسةالمهنية;Law And Professional Practice;LAWANDPROPRA
المحاماة;Lawyer;LAW1
الريادةفيالأعمال;Leadership In Business;LEAINBUS
تعلم;Learn;LEA
صعوباتتعلم;Learning Difficulties;LEADIF
صعوباتالتعلم;Learning Difficulties;LEADIF
صعوباتتعلم-عربي;Learning Difficulties - Arabic;LEADIFARA
مراكزمصادرالتعلم;Learning Resource Centers;LEARESCEN
مصادرالتعلم;Learning Resources;LEARES
الدراساتالقانونية;Legal Studies;LEGSTU
التحريروالسكرتارية;Liberation And Secretarial;LIBANDSEC
علومالمكتباتوالمعلومات;Library And Information Science;LIBANDINFSCI
علومالحياة;Life Sciences;LIFSCI
الإعداداللغوي;Linguistic Preparation;LINPRE
دراساتلغوية;Linguistic Studies;LINSTU
اللغويات;Linguistics;LIN
السنةالتحضيريةللكلياتالأدبية;Literary Preparatory Year For Colleges;LITPREYEAFORCOL
دراساتأدبية;Literary Studies;LITSTU
الأدب;Literature;LIT
أدب;Literature;LIT
الأدب-بريدة;Literature - Buraidah;LITBUR
الأدبوالنقد;Literature And Criticism;LITANDCRI
أدبونقد;Literature And Criticism;LITANDCRI
الأدبوالبلاغة;Literature And Rhetoric;LITANDRHE
الأدبوالبلاغةوالنقد;Literature And Rhetoric And Criticism;LITANDRHEANDCRI
الإمدادوالتموين;Logistics;LOG
هندسةالآلاتوالقوىالزراعية;Machinery Agricultural Power Engineering;MACAGRPOWENG
هندسةالبناء;Machinery For Construction;MACFORCON
صيانةالمعداتالطبية;Maintenance of Medical Equipment;MAIMEDEQU
إدارةوتخطيطتربوي;Management And Planning of Educational;MANANDPLAEDU
نظمالمعلوماتالإدارية;Management Information Systems;MANINFSYS
نظممعلوماتإدارية;Management Information Systems;MANINFSYS
نظمالتصنيع;Manufacturing Systems;MANSYS
تقنيةالتصنيع;Manufacturing Technology;MANTEC
الخرائطونظمالمعلوماتالجغرافية;Maps And Geographic Information Systems;MAPANDGEOINFSYS
الأحياءالبحرية;Marine Biology;MARBIO
الكيمياءالبحرية;Marine Chemistry;MARCHE
الفيزياءالبحرية;Marine Physics;MARPHY
التسويق;Marketing;MAR
تسويق;Marketing;MAR
التسويقوالتجارةالإلكترونية;Marketing And E-commerce;MARANDECOM
تسويقوتجارةإلكترونية;Marketing And Electronic Commerce;MARANDELECOM
إدارةالمواد;Materials Management;MATMAN
علوموهندسةالمواد;Materials Science And Engineering;MATSCIANDENG
تمريضالأمومة;Maternity Nursing;MATNUR
العلومالرياضية;Mathematical Sciences;MATSCI
رياضيات;Mathematics;MAT
الرياضيات;Mathematics;MAT
القياسوالتقويم;Measurement And Evaluation;MEAANDEVA
الهندسةالميكانيكية;Mechanical Engineering;MECENG
هندسةميكانيكية;Mechanical Engineering;MECENG
تقنيةالهندسةالميكانيكية;Mechanical Engineering Technology;MECENGTEC
تقنيةالصيانةالميكانيكية;Mechanical Maintenance Technology;MECMAITEC
الإعلام;Media;MED
الاعلام;Media;MED
الاعلاموالاتصال;Media And Communication;MEDANDCOM
الكيمياءالحيويةالطبية;Medical Biochemistry;MEDBIO
تقنيةالأجهزةالطبية;Medical Device Technology;MEDDEVTEC
أجهزةطبية;Medical Devices;MEDDEV
التعليمالطبي;Medical Education;MEDEDU
التوعيةوالتعزيزالطبي;Medical Education And Promotion;MEDEDUANDPRO
الوبائياتوالإحصاءالطبيالحيوي;Medical Epidemiology And Vital Statistics;MEDEPIANDVITSTA
المختبراتالطبية;Medical Laboratory;MEDLAB
علومالمختبراتالطبية;Medical Laboratory Science;MEDLABSCI
فنيالمختبراتالطبية;Medical Laboratory Technician;MEDLABTEC
تقنيةالمختبراتالطبية;Medical Laboratory Technology;MEDLABTEC1
مختبراتطبية;Medical Labs;MEDLAB1
الأحياءالدقيقةالطبية;Medical Microbiology;MEDMIC
الكائناتالدقيقةالطبية;Medical Microbiology;MEDMIC
الفيزياءالطبية;Medical Physics;MEDPHY
السجلاتالطبية;Medical Records;MEDREC
سجلاتطبية;Medical Records;MEDREC
نظمالسجلاتالطبية;Medical Records Systems;MEDRECSYS
عامعلومطبية;Medical Sciences;MEDSCI
السكرتاريةالطبية;Medical Secretary;MEDSEC
سكرتاريةطبية;Medical Secretary;MEDSEC
القسمالطبي;Medical Section;MEDSEC1
عامطب;Medicine;MED1
الطب;Medicine;MED1
الطبوالجراحةالعامة;Medicine And General Surgery;MEDANDGENSUR
طبوجراحة;Medicine And Surgery;MEDANDSUR
الطبوالجراحة;Medicine And Surgery;MEDANDSUR
طبأمراضالدمللكبار;Medicine For Adult Blood Diseases;MEDFORADUBLODIS
طبأمراضالدمللأطفال;Medicine For Children Hematology;MEDFORCHIHEM
طبالأمراضالمعدية;Medicine Infectious Diseases;MEDINFDIS
طبالأمراضالمعديةللأطفال;Medicine Infectious Diseases For Children;MEDINFDISFORCHI
طبالأورامالطبية;Medicine Medical Oncology;MEDMEDONC
طبالأمراضالروماتيزمية;Medicine Rheumatic Diseases;MEDRHEDIS
علموظائفالأعضاءوبيولوجيةالتكوين;Member Functions And Biological Science Configuration;MEMFUNANDBIOSCICON
الإعاقةالعقلية;Mental Handicap;MENHAN
التخلفالعقلي;Mental Retardation;MENRET
التفوقالعقليوالموهبة;Mental Superiority And Talent;MENSUPANDTAL
المعادنوالمجوهرات;Metal Jewelry;METJEW
طرقتدريسلغةعربية;Methods of Teaching Arabic Language;METTEAARALAN
طرقتدريسلغةإنجليزية;Methods of Teaching English;METTEAENG
طرقتدريساللغةالإنجليزية;Methods of Teaching English;METTEAENG
طرقتدريسالعلومالشرعية;Methods of Teaching Forensic Science;METTEAFORSCI
طرقتدريستربيةإسلامية;Methods of Teaching Islamic Education;METTEAISLEDU
طرقتدريسرياضيات;Methods of Teaching Mathematics;METTEAMAT
طرقتدريسالرياضيات;Methods of Teaching Mathematics;METTEAMAT
طرقتدريسالتربيةالبدنية;Methods of Teaching Physical Education;METTEAPHYEDU
طرقتدريسعلوم;Methods of Teaching Science;METTEASCI
طرقتدريسالعلوم;Methods of Teaching Science;METTEASCI
طرقتدريسالموادالاجتماعية;Methods of Teaching Social Studies;METTEASOCSTU
طرقتدريساجتماعيات;Methods of Teaching Social Workers;METTEASOCWOR
طرقتدريساللغةالعربية;Methods of Teaching the Arabic Language;METTEAARALAN1
أحياءدقيقة;Microbiology;MIC
علمالكائناتالدقيقة;Microbiology;MIC
القبالة;Midwifery;MID
أحياءدقيقةـبكتيريا;Minute Bacteria Alive;MINBACALI
أحياءدقيقةـفيروسات;Minute Viruses Neighborhoods;MINVIRNEI
محضريالمختبرات;Minutes of Laboratories;MINLAB
تاريخحديث;Modern History;MODHIS
علومالحديث;Modern Science;MODSCI
علومالحركة;Movement Science;MOVSCI
الوسائطالمتعددةوتقنياتالويب;Multimedia And Web Technologies;MULANDWEBTEC
تمريضباطنيوجراحي;Mystical And Surgical Nursing;MYSANDSURNUR
التاريخالوطنيللملكةالعربيةالسعودية;National History of Saudi Arabia;NATHISSAUARA
النواتجالطبيعية;Natural Products;NATPRO
العلاجالطبيعي;Natural Therapy;NATTHE
أمراضالأطفالحديثيالولادة;Neonatal Diseases;NEODIS
إدارةالشبكات;Network Management;NETMAN
إدارةأنظمةالشبكات;Network Systems Management;NETSYSMAN
هندسةالشبكاتوالاتصالات;Networking And Communications Engineering;NETANDCOMENG
شبكات;Networks;NET
طبالأعصاب;Neurology;NEU
طبأمراضالأعصابلدىالأطفال;Neurology Diseases In Children;NEUDISINCHI
جراحةالمخوالأعصاب;Neurosurgery;NEU1
مستجدحاسب;Newcomer Computer;NEWCOM
مستجدالحاسباتوتقنيةالمعلومات;Newcomer Computing And Information Technology;NEWCOMANDINFTEC
مستجدطبالأسنان;Newcomer Dentistry;NEWDEN
مستجداقتصادوإدارة;Newcomer Economy And Management;NEWECOANDMAN
مستجدهندسة;Newcomer Engineering;NEWENG
مستجدآداب;Newcomer Etiquette;NEWETI
مستجدالعلوموالآداب;Newcomer of Arts And Sciences;NEWARTANDSCI
مستجدعلوم;Newcomer Sciences;NEWSCI
مستجدأعمال;Newcomer Work;NEWWOR
أنظمةنيوماتيةوهيدروليكية;Newmatah And Hydraulic Systems;NEWANDHYDSYS
الطبالنووي;Nuclear Medicine;NUCMED
هندسةالقوىالنووية;Nuclear Power Engineering;NUCPOWENG
تمريضعام;Nursing;NUR
التمريض;Nursing;NUR
تمريض;Nursing;NUR
تمريضالحالاتالحرجة;Nursing Critical Situations;NURCRISIT
إدارةتمريض;Nursing Management;NURMAN
إدارةالتمريض;Nursing Management;NURMAN
علومتمريض;Nursing Science;NURSCI
علومالتمريض;Nursing Science;NURSCI
فنيتمريض;Nursing Technician;NURTEC
التغذيةوعلومالأطعمة;Nutrition And Food Science;NUTANDFOOSCI
علومالتغذيةوتغذيةالإنسان;Nutrition Science And Human Nutrition;NUTSCIANDHUMNUT
تمريضالنساءوالولادة;Obstetrics And Gynecology Nursing;OBSANDGYNNUR
الطبالمهنيوالصحةالمهنية;Occupational Medicine And Occupational Health;OCCMEDANDOCCHEA
هندسةالسلامةالمهنية;Occupational Safety Engineering;OCCSAFENG
التطبيقاتالمكتبيةوصيانةالحاسبلفئةالصم;Office Applications And Computer Maintenance of the Deaf;OFFAPPANDCOMMAIDEA
الإدارةالمكتبية;Office Management;OFFMAN
تقنيةإدارةالمكاتب;Office Management Technology;OFFMANTEC
تاريخقديم;Old History;OLDHIS
إدارةالعملياتوالمعلومات;Operations And Information Management;OPEANDINFMAN
طبوجراحةالعيون;Ophthalmology;OPH
صحةالفموالأسنان;Oral And Dental Health;ORAANDDENHEA
جراحةالفموالوجهوالفكين;Oral And Maxillofacial Surgery;ORAANDMAXSUR
كيمياءعضوية;Organic Chemistry;ORGCHE
الكيمياءالعضوية;Organic Chemistry;ORGCHE
تقويمالأسنان;Orthodontics;ORT
جراحةالعظام;Orthopaedic Surgery;ORTSUR
طبإصاباتالعظام;Orthopedics Injuries;ORTINJ
علمالأحافير;Paleontology;PAL
طبأسنانالأطفال;Pediatric Dentistry;PEDDEN
تمريضالأطفال;Pediatric Nursing;PEDNUR
طبالأطفال;Pediatrics;PED
مبيدات;Pesticides;PES
هندسةالبترول;Petrol Engineering;PETENG
بترولوترسبات;Petroleum And Deposits;PETANDDEP
الكيمياءالتحليليةالصيدلية;Pharmaceutical Analytical Chemistry;PHAANACHE
العلومالصيدلية;Pharmaceutical Sciences;PHASCI
الصيدلانيات;Pharmaceutics;PHA
علمالأدوية;Pharmacology;PHA1
عامصيدلية;Pharmacy;PHA2
الصيدلة;Pharmacy;PHA2
صيدلة;Pharmacy;PHA2
فنيصيدلة;Pharmacy Technician;PHATEC
كيمياءفيزيائية;Physical Chemistry;PHYCHE
الكيمياءالفيزيائية;Physical Chemistry;PHYCHE
التربيةالبدنية;Physical Education;PHYEDU
التربيةالرياضيةوعلومالحركة;Physical Education And Movement Sciences;PHYEDUANDMOVSCI
التربيةالبدنيةمعإعدادتربوي;Physical Education With Educational Preparation;PHYEDUWITEDUPRE
جغرافياطبيعية;Physical Geography;PHYGEO
الطبالطبيعيوإعادةالتأهيل;Physical Medicine And Rehabilitation;PHYMEDANDREH
تربيةبدنية;Physical Training;PHYTRA
الفيزياء;Physics;PHY
فيزياء;Physics;PHY
علموظائفالأعضاء;Physiology;PHY1
وظائفالأعضاء;Physiology;PHY1
علاجطبيعي;Physiotherapy;PHY2
العلاجالطبيعيوالتأهيلالصحي;Physiotherapy And Rehabilitation;PHYANDREH
نبات;Plant;PLA
علوموقايةالنبات;Plant Protection Sciences;PLAPROSCI
جراحةالتجميل;Plastic Surgery;PLASUR
العلومالسياسية;Political Science;POLSCI
إنتاجالدواجن;Poultry Production;POUPRO
إنتاجدواجن;Poultry Production;POUPRO
علومالدواجن;Poultry Science;POUSCI
تقنيةهندسةالآلاتالدقيقة;Precision Machinery Engineering Technology;PREMACENGTEC
تقنيةهندسةالالاتالدقيقةوالتحكم;Precision Machining Technology And Control Engineering;PREMACTECANDCONENG
تقنيةهندسةالآلاتالدقيقةوالتحكم;Precision Machining Technology Engineering And Control;PREMACTECENGANDCON
صيدلةعام;Precision Year;PREYEA
تمهيديكليةالمجتمعبجدة;Preliminary Jeddah Community College;PREJEDCOMCOL
إعدادالعلومالطبيعية;Preparation of Natural Sciences;PRENATSCI
برنامجتحضيرياقتصادوإدارة;Preparatory Program Economics And Management;PREPROECOANDMAN
تحضيريمعاهدعلمية;Preparatory Scientific Institutes;PRESCIINS
سنةتحضيرية;Preparatory Year;PREYEA1
السنةالتحضيرية-علمي;Preparatory Year - a Scientific;PREYEASCI
السنةالتحضيرية-مسارالكلياتالعلمية;Preparatory Year - the Path of Scientific Colleges;PREYEAPATSCICOL
السنةالتحضيرية-مسارالكلياتالعلمية(الهندسة-الحاسبالالي-العلومالتطبيقية);Preparatory Year - the Path of Scientific Colleges (engineering-computer-applied Science);PREYEAPATSCICOLENGCOMAPPSCI
السنةالتحضيرية-مسارالكلياتالعلمية(الهندسة-الحاسبالآلي-العلومالتطبيقية);Preparatory Year - the Path of Scientific Colleges (engineering-computer-applied Science);PREYEAPATSCICOLENGCOMAPPSCI
السنةالتحضيرية-مسارالكلياتالطبية;Preparatory Year - Track Medical Colleges;PREYEATRAMEDCOL
السنةالتحضيريةالمسائيةلكليةالعلومالاداريةوالسياحة;Preparatory Year Evening of the College of Administrative Sciences And Tourism;PREYEAEVECOLADMSCIANDTOU
السنةالتحضيريةللكلياتالهندسيةوالعملية;Preparatory Year For Colleges of Engineering And Process;PREYEAFORCOLENGANDPRO
السنةالتحضيريةللعلومالإدارية;Preparatory Year For Management Sciences;PREYEAFORMANSCI
السنةالتحضيريةللكلياتالصحية;Preparatory Year Health Colleges;PREYEAHEACOL
السنةالتحضيريةلكليةالعلومالإداريةوالسياحة;Preparatory Year of College of Administrative Sciences And Tourism;PREYEACOLADMSCIANDTOU
الصحافة;Press;PRE
صحافة;Press;PRE
صحافةوإعلام;Press And Media;PREANDMED
طبالأسنانالوقائي;Preventive Dentistry;PREDEN
تعليمإبتدائي;Primary Education;PRIEDU
التعليمالإبتدائيلغةالعربية;Primary Education Arabic Language;PRIEDUARALAN
التعليمالإبتدائيلغةعربية;Primary Education Arabic Language;PRIEDUARALAN
مناهجالتعليمالإبتدائي;Primary Education Curriculum;PRIEDUCUR
التعليمالإبتدائيدراساتإسلامية;Primary Education Islamic Studies;PRIEDUISLSTU
التعليمالإبتدائيرياضيات;Primary Mathematics Education;PRIMATEDU
الفقهوأصوله;Principles of Fiqh;PRIFIQ
انتاج;Produce;PRO
إنتاج;Produce;PRO
الإنتاجوتصميمالنظم;Production And Design Systems;PROANDDESSYS
هندسةالإنتاج;Production Engineering;PROENG
المحاسبةالمهنية;Professional Accounting;PROACC
البرمجةوقواعدالبيانات;Programming And Databases;PROANDDAT
برمجةوتشغيلالحاسبات;Programming And Operation of Computing;PROANDOPECOM
برمجةعلومالحاسب;Programming Computer Science;PROCOMSCI
تقنيةالبرمجة;Programming Technology;PROTEC
إدارةمشاريع;Project Management;PROMAN
تمريضالصحةالنفسيةوالعقلية;Psychiatric And Mental Health Nursing;PSYANDMENHEANUR
الطبالنفسي;Psychiatry;PSY
الطبالنفسيللأطفالوالمراهقين;Psychiatry For Children And Teens;PSYFORCHIANDTEE
الإرشادالنفسي;Psychological Guidance;PSYGUI
الصحةالنفسية;Psychological Health;PSYHEA
علمالنفس;Psychology;PSY1
علمالنفس-النمو;Psychology - Growth;PSYGRO
علومالنفس-قياسوتقويم;Psychology - Measurement And Evaluation of Sciences;PSYMEAANDEVASCI
عام;Public;PUB
أصولالتربيةالإسلاميةالعامة;Public Assets of Islamic Education;PUBASSISLEDU
الصحةالعامة;Public Health;PUBHEA
القانونالعام;Public Law;PUBLAW
العلاقاتالعامة;Public Relations;PUBREL
علاقاتعامة;Public Relations;PUBREL
الرياضياتالبحتة;Pure Mathematics;PURMAT
رياضياتبحتةـتحليل;Purely Analysis Mathematics;PURANAMAT
السنةالتحضيرية;Py;PY
السنةالتحضيريةللكلياتالإنسانية;Py Humanitarian Faculties;PYHUMFAC
السنةالتحضيريةادبي;Py Literary;PYLIT
السنةالتحضيريةللكلياتالعلمية;Py Science Faculties;PYSCIFAC
تأهيلية;Qualification;QUA
رقابةالنوعيةللمستحضراتالصيدلية;Quality Control of Pharmaceuticals;QUACONPHA
القرآنوعلومه;Quran And Its Sciences;QURANDITSSCI
الكتابوالسنة;Quran And Sunnah;QURANDSUN
العلومالإشعاعية;Radiological Sciences;RADSCI
طبالأشعة;Radiology;RAD
القراءات;Readings;REA
التطويرالعقاري;Real Estate Development;REAESTDEV
أصولالدين;Religion Basics;RELBAS
الرعايةالتنفسية;Respiratory Care;RESCAR
العنايةالتنفسية;Respiratory Care;RESCAR
الأمراضالصدريةلدىالأطفال;Respiratory Diseases In Children;RESDISINCHI
العلاجالتنفسي;Respiratory Therapy;RESTHE
البلاغةوالنقد;Rhetoric And Criticism;RHEANDCRI
البلاغةوالنقد-بريدة;Rhetoric And Criticism - Buraidah;RHEANDCRIBUR
الحقوق;Rights;RIG
تقنيةالسلامة;Safety Technology;SAFTEC
المبيعات;Sales;SAL
إدارةالمبيعات;Sales Administration;SALADM
التسويقوالمبيعات;Sales And Marketing;SALANDMAR
العلوم;Science;SCI
علوموهندسةالحاسبالآلي;Science And Computer Engineering;SCIANDCOMENG
علوموإدارةمواردالمياه;Science And Management of Water Resources;SCIANDMANWATRES
العلومفيالمحاسبة;Science In Accounting;SCIINACC
العلومفيالأقتصاد;Science In Economics;SCIINECO
العلومفيالمالية;Science In Finance;SCIINFIN
العلومفيهندسةالمواد;Science In Materials Engineering;SCIINMATENG
العلومفيالبصريات;Science In Optics;SCIINOPT
العلومفيعلمالبوليمرات;Science In Polymers;SCIINPOL
العلومفيالطاقةالمتجددة;Science In Renewable Energy;SCIINRENENE
العلومفيالبساتين;Science In the Orchards;SCIINORC
العلومفيالتصميمالعمراني;Science In Urban Design;SCIINURBDES
علومالمختبراتاللإكلينيكية;Science Laboratories Allakleniecah;SCILABALL
البرامجالعلمية;Scientific Programs;SCIPRO
عامعلمية;Scientific Year;SCIYEA
الأمنوضمانالمعلومات;Security And Ensure Information;SECANDENSINF
الشريعة;Sharia;SHA
الشريعةوالدراساتالإسلامية;Sharia And Islamic Studies;SHAANDISLSTU
علمالنفسالاجتماعيوالصناعي;Social Science And Industrial Psychology;SOCSCIANDINDPSY
البحثالاجتماعي;Social Search;SOCSEA
الخدمةالاجتماعية;Social Service;SOCSER
خدمةاجتماعية;Social Service;SOCSER
الدراساتالاجتماعية;Social Studies;SOCSTU
علماجتماع;Sociology;SOC
علمالأجتماع;Sociology;SOC
علمالاجتماع;Sociology;SOC
الاجتماعوالخدمةالاجتماعية;Sociology And Social Service;SOCANDSOCSER
علمالاجتماعوالخدمةالاجتماعية;Sociology And Social Work;SOCANDSOCWOR
برمجيات;Software;SOF
هندسةالبرمجيات;Software Engineering;SOFENG
هندسةبرمجيات;Software Engineering;SOFENG
علومالتربة;Soil Science;SOISCI
ميكانيكاالجوامد;Solid Mechanics;SOLMEC
فيزياءالجوامد;Solid State Physics;SOLSTAPHY
تربيةخاصة;Special Breeding;SPEBRE
التربيةالخاصة;Special Education;SPEEDU
علومالنطقواللغةوالسمع;Speech-language And Hearing Sciences;SPELANANDHEASCI
الإدارةالرياضية;Sports Management;SPOMAN
الإحصاء;Statistics;STA
إحصاءاتوبحوث-علمنفس;Statistics And Research - Psychology;STAANDRESPSY
هندسةقويومحركات;Strong Engineering And Engines;STRENGANDENG
الكفايةفياللغةالعربيةلغيرالناطقينبها;Sufficiently In the Arabic Language To Non-native Speakers;SUFINARALANTONONNATSPE
الإستعاضةالسنية;Sunni Replaced;SUNREP
البرنامجالتكميليلبكالوريوسالتمريض;Supplementary Program For the Bachelor of Nursing;SUPPROFORBACNUR
تكميليالعلومفيالرياضيات;Supplementary Science In Mathematics;SUPSCIINMAT
إدارةسلسلةالتوريد;Supply Chain Management;SUPCHAMAN
التمريضالجراحيوالباطني;Surgical Nursing And Internal;SURNURANDINT
أنظمة;Systems;SYS
الأنظمة;Systems;SYS
تحليلوتصميمالنظم;Systems Analysis And Design;SYSANAANDDES
هندسةالنظم;Systems Engineering;SYSENG
تعليماللغةالعربية;Teach Arabic;TEAARA
تعليماللغةالعربيةلغيرالناطقينبها;Teaching Arabic Language To Non-native Speakers;TEAARALANTONONNATSPE
تعليماللغةالإنجليزيةللناطقينبلغاتأخرى;Teaching English To Speakers of Other Languages;TEAENGTOSPEOTHLAN
تعليماللغةالانجليزيةللناطقينبغيرها;Teaching English To Speakers of Other Languages;TEAENGTOSPEOTHLAN
طرقتدريستربيةفنية;Teaching Methods of Art Education;TEAMETARTEDU
طرقتدريسالتربيةالفنية;Teaching Methods of Art Education;TEAMETARTEDU
التشريحالتقنيوالأنسجة;Technical And Tissue Anatomy;TECANDTISANA
فنيمعماري;Technical Architect;TECARC
الدعمالفني;Technical Support;TECSUP
الاشغالالفنية;Technical Works;TECWOR
فنيسكرتاريةطبية;Technician Medical Secretary;TECMEDSEC
تقنيةهندسةالتكييفوالتبريد;Technology Air Conditioning And Refrigeration Engineering;TECAIRCONANDREFENG
تقنيةوإدارةالمعلوماتالصحية;Technology And Health Information Management;TECANDHEAINFMAN
تقنيةوإدارةمكاتب;Technology And Management Offices;TECANDMANOFF
تقنيةالهندسةالكيميائية;Technology Chemical Engineering;TECCHEENG
تقنيةالهندسةالكهربائيةوالإلكترونية;Technology Electrical And Electronic Engineering;TECELEANDELEENG
تقنيةمختبرات;Technology Labs;TECLAB
تقنيةتشغيلالعملياتوالتحاليلالكيميائية;Technology Running Processes And Chemical Analysis;TECRUNPROANDCHEANA
اختباراتومقاييس;Tests And Measurements;TESANDMEA
النظامالجنائي;The Criminal Justice System;THECRIJUSSYS
الإدارةالعامة;The General Administration;THEGENADM
القضاءوالسياسةالشرعية;The Judiciary And the Political Legitimacy;THEJUDANDPOLLEG
فقهالسنةومصادرها;The Jurisprudence of the Year And Sources;THEJURYEAANDSOU
القرانالكريموالدراساتالإسلامية;The Koran And Islamic Studies;THEKORANDISLSTU
اللغة;The Language;THELAN
علمنفسالتعلم;The Psychology of Learning;THEPSYLEA
علاجأمراضاللثة;The Treatment of Gum Disease;THETREGUMDIS
علاجأمراضاللثةوزراعةالأسنان;The Treatment of Gum Disease And Dental Implants;THETREGUMDISANDDENIMP
الهندسةالحرارية;Thermal Engineering;THEENG
جملة;Total;TOT
سياحةوفنادق;Tourism And Hotels;TOUANDHOT
السياحةوالسفر;Tourism And Travel;TOUANDTRA
السموم;Toxins;TOX
تدريبمعلمياللغةالعربيةلغيرالناطقينبها;Training Arabic Language Teachers For Non-native Speakers;TRAARALANTEAFORNONNATSPE
ترجمة;Translation;TRA
الترجمة;Translation;TRA
البرنامجالموحدللكليةالصحية;Unified Health Program For the College;UNIHEAPROFORCOL
البرنامجالموحدللكلياتالهندسيةوالعلمية;Unified Program For Colleges of Engineering And Scientific;UNIPROFORCOLENGANDSCI
التخطيطالحضريوالإقليمي;Urban And Regional Planning;URBANDREGPLA
التخطيطالعمرانيوالإقليمي;Urban And Regional Planning;URBANDREGPLA
جراحةالمسالكالبولية;Urology;URO
الطبالبيطري;Veterinary Medicine;VETMED
الطبالبيطري-التشريح;Veterinary Medicine - Anatomy;VETMEDANA
الطبالبيطري-الولادةوالتناسليات;Veterinary Medicine - Birth And Altanasliat;VETMEDBIRANDALT
الطبالبيطري-الأدويةوالعلاج;Veterinary Medicine - Drugs And Treatment;VETMEDDRUANDTRE
عامالطبالبيطريوالثروةالحيوانية;Veterinary Medicine And Livestock;VETMEDANDLIV
الصحةالعامةالبيطريةورعايةالحيوان;Veterinary Public Health And Animal Welfare;VETPUBHEAANDANIWEL
الإنتاجالمرئيوالرقمي;Visual And Digital Production;VISANDDIGPRO
الاعاقةالبصرية;Visual Disability;VISDIS
العوقالبصري;Visual Handicap;VISHAN
الإعاقةالبصرية;Visual Impairment;VISIMP
هندسةحيويةطبية;Vitality Medical Engineering;VITMEDENG
إدارةمستودعات;Warehouse Management;WARMAN
علمالحشرات;World of Insects;WORINS
الأشعة;X;X
السنةوعلومها;Year And Sciences;YEAANDSCI
عامالعلومفيهندسةالحاسب;Year of Science In Computer Engineering;YEASCIINCOMENG
سنةتحضيريةإداري;Year Preparatory Administrative;YEAPREADM
سنةتحضيريةللكلياتالصحية;Year Preparatory Health Colleges;YEAPREHEACOL
سنةتحضيريةتقني;Year Preparatory Technical;YEAPRETEC
السنةالتأهيليةالمسائية-علومتطبيقية;Year Rehabilitative Evening - Applied Sciences;YEAREHEVEAPPSCI
السنةالتأهيليةالمسائية-اللغةالعربية;Year Rehabilitative Evening - Arabic Language;YEAREHEVEARALAN
السنةالتأهيليةالمسائية-الدعوةوأصولالدين;Year Rehabilitative Evening - Dawa And Fundamentals of Religion;YEAREHEVEDAWANDFUNREL
السنةالتأهيليةالمسائية-التربية;Year Rehabilitative Evening - Education;YEAREHEVEEDU
السنةالتأهيليةالمسائية-الشريعة;Year Rehabilitative Evening - Sharia;YEAREHEVESHA
السنةالتأهيليةالمسائية-العلومالاجتماعية;Year Rehabilitative Evening - Social Sciences;YEAREHEVESOCSCI
السنةالتأهيليةالمسائية-الكليةالجامعيةبالقنفذة;Year Rehabilitative Evening - University Jouf College;YEAREHEVEUNIJOUCOL
علمالحيوان;Zoology;ZOO
