[{"name":"SS","description":"Student State","tags":["FRE","ENR","GRAPREYEA"]},{"name":"IT","description":"Institution Type","tags":["PUBUNI","PRIUNIANDCOL","OTHINS","ALLINSTYP"]},{"name":"GE","description":"Gender","tags":["ANYGEN","MAL","FEM"]},{"name":"IN","description":"Institution","tags":["UMMALQURUNI","ISLUNIINMAD","IMAMUHIBNSAUISLUNI","KINSAUUNI","KINABDUNI","KINFAHUNIPETANDMIN","KINFAIUNI","KINKHAUNI","QASUNI","TAIUNI","TAIUNI1","KINSAUBINABDUNIFORHEASCI","GAZUNI","UNIHAI","ALJAWUNI","TABUNI","ALBAHUNI","NAJUNI","PRINOUBINABDRAHUNI","NORBORUNI","SHAUNI","SALBINABDUNI","UNIDAM","ALMAJAHUNI","SAUARAUNIELE","TOTPUBUNI","PRISULUNI","ARAOPEUNI","PRIMOHBINFAHUNI","ALFAIUNI","ALYAMUNI","EFFUNI","DARALULOUNI","FAHBINSULUNI","QASPRICOL","DARALHEKCOL","IBNRUSCOLADMSCI","BAHPRICOLSCI","UNIBUSANDTEC","DRSOLFAKCOLMEDSCI","RIYCOLDENANDPHA","IBNSINNATCOLFORMEDSTU","IBNSINPRICOLMEDSCI","BATMEDCOL","SAACOLNURALLHEASCI","ALRIYCOLFORHEASCI","ALMCOLFORSCITEC","BURCOL","MOHALMCOLHEASCI","ALFCOL","ALGHAINTCOLFORHEASCI","SULALRAJCOL","ARAEASCOL","INAMEDCOL","TOTPRIUNIANDCOL","JUBINDCOL","JUBUNICOL","YANINDCOL","YANUNICOL","INSPUBADM","PRISULMILCOLHEASCIDHA","JUBTECINS","TECANDVOCTRACOR","TOTOTHINSHIGEDU","TOTHIGEDUINSINKIN","YANEDUSEC","PRISULCOLFORTOUANDMANINABH","TOT","KHAUNI","GENTOT","RIYUNIFORGIR","PRISOLCOLFORTOUANDBUSINJED"]},{"name":"NA","description":"Nationality","tags":["ANYNAT","SAU","NONSAU"]},{"name":"SSYS","description":"Study System","tags":["HIGDIP","MAS","FEL","DOC","TOT"]},{"name":"CO","description":"College","tags":["ADMANDFINSCI","ADMANDHOMECOINABH","ADMSCI","ADMSCIANDHUMBIS","ADMSCIANDHUMHOTSAD","ADMSCIANDHUM","ADV","ADVANDINF","AGEDEAEDUSERINYAN","AGRANDFOOSCI","AGRANDVETMED","APPMEDSCI","APPMEDSCIINABH","APPMEDSCIBHQ","APPMEDSCIINWADPRO","APPMEDSCIHAFALBAT","APPMEDSCIMAJAH","APPMEDSCIINRIY","APPSCI","ARCANDDIGDES","ARCANDPLA","ARAEASGRASTUANDCOL","ARALAN","ARALANINS","ARALANANDITSLIT","ARALANANDSOCSTU","ART","ARTINDAM","ARTANDDES","ARTFORGIRINABH","ARTANDHUM","ARTANDINTDES","ARTANDMANBOU","ARTANDSCIINHISMINHAW","ARTANDSCI","ARTANDSCIINWADPRO","LITANDART","APPSTUANDCOMSER","BUSRABBRA","BUSMAN","BUS","DARALHIKBUS","BUSADMINYAN","BUSADMARA","BUSADMBAF","BUSADMINALKHA","BUSADMZUL","BUSADM","DARALHIKBUSANDLAW","BUSANDMAN","BAHCIVSCI","CLIPHA","BHACOM","UNICOLPAL","UNICOLBBA","UNICOLDAB","GIRSCOL","UNICOLJUB","YANUNICOL","ENVCOLINBUR","JUBINDCOL","IBNRUSCOLADMSCI","TOMINTCOLAPPMEDSCIINRIY","RIYCOLDENANDPHA","IBNSINELIFORMEDSCI","AFLCOMCO","COMANDELEINJED","COMANDINFINRIY","COMANDINF","ABUARICOM","ARACOM","ASICOMBMH","BADCOM","BHRCOMSER","COM","COMALD","COMINALKHACO","COMBIS","COMBNI","COMCOL","COMINDAM","COMMAJAH","FACAPPSTUANDCOMSER","COMCOLMEDCAR","COMINRIY","COMSERANDCONEDU","DUBPROCOMCOL","COMCOLBUSADM","KHAMUSCOM1","COMJOU","COM1","COMBHQ1","COMBAL2","COMANDINF2","COMANDINF1","COMANDINFSCI","COMANDINFSYS1","COMANDINFTEC","COMANDINFTECPAR","COMANDINFSYS","COMSCI","COMSCIANDENGINYAN","COMSCIANDINFSYS","COMSCIANDINFTEC","DEACOMANDCONEDUMAJAHSER","DEACOMSERBUR","DEACOMSERANDCONEDU","DEACOMSERANDCONEDUHAFALBAT","DEADISLEA","DEAEDUSER","DEN","FARDENANDALTRIY","RIYDENANDPHA","DENINRIY","DENANDPHA","DEAPREPRO","DESANDARC","DARALHIKDESANDARC","DESANDHOMECOBUR","ECOANDADMSCI","ECOANDFINISLSCI","ECOANDMAN","ECOSCIMAN","EDU","EDUBOU","EDUBHQ","EDUINALKHA","EDUINDAM","EDUMAJAH","EDUALD","DARALHIKEDUANDAPPSCI","EDUANDARTSOI","EDUANDART","EDUANDARTARA","EDUFORGIRHUMABH","EDUGRASTU","EDUANDSCIBAK","EDUSER","ENGJOU","ENG","ENGSCI","ENGALD","ENGVALPRO","ENGMAJAH","ENGANDCOMSCI","ENGANDINFTEC","ENGLAN","ENGLANINS","ENVDES","FAMSCIFORGIR","FINANDADMSCI","BMCHEAFLOCIVANDTEC","FOOANDAGRSCI","DAWANDFUNREL","GENADMINS","GEO","GRAPRO","THEHADANDISLSTU","HEASCI","PRISULMILHEASCIINDHA","ALTHEASCI","HIGINSIMAANDPRE","HIGINSENJWHAISGOOANDFORWHAISEVI","HIGJUDINS","HOMECO","HOMECOARA","HOLQURANDISLSTU","HUM","HUMBDHSTU","HUMANDARTCOB","HUMANDART","HUMPREYEA","HUMANDSOCSCI","HUMSTUANDKHAMUS","HUMMED","INDMAN","INSFORTEAARATONONNATSPE","INSPUBADMINDAM","PRISALINSFORSTUANDADVSER","JUBTECINS","JUDSTUANDREG","KHAMUSNUR","KNIARTANDSCI","KNOSCIANDTEC","LANANDTRA","LAWANDPOLSCI","LAWANDREG","LEAELIFORHEASCI","LIVVETMED","MED","MEDRIY","MEDBHQ","MEDMAJAH","MEDDAM","MOHINHELIFORMEDSCI","METENVANDARILANAGR","NUR","NURINRIY","NURFORGIRARA","SAAELIFORNURANDHEASCI","DRSULFAQNURANDMEDSCI","PHA","PHAALD","PHAINALKHA","PUBADMINSINJED","PUBHEA","PUBHEAANDHEAINFINRIY","PUBHEAANDTROMED","PY","PREYEAPRO","PREYEAINRAB","PREYEAHAFALBAT","THEPREYEAINRIY","PREYEA","PYSECCOLANDINSINYAN","RELBAS","RIG","SCI","SCIDAM","SCIZUL","SCIANDALAGIRBMHASI","SCIANDARTINRAB","SCIANDARTBOU","SCIANDARTBNI","SCIANDARTOLA","SCIARTBER","SCIANDARTSAM","SCIANDARTQUR","SCIANDARTMAK","SCIANDARTBHR","SCIANDARTPAR","SCIANDARTBHQ","SCIANDARTNOARYY","SCIANDARTHUM","SCIANDCOMENG","SCIANDGENSTU","SCIANDHOMECOFORGIRBOU","SCIANDHUMALD","SCIANDHUMAFL","SCIANDHUMGHA","SCIANDHUMSTUBAS","SCIANDSTUBUT","SEASCI","SHA","SHAANDFUNREL","SHAANDISLSTUAHS","SHAANDISLSTU","SHALAWINJIZ","SHALAWSKA","AFLSOCREH","SOCCRA","ALKHASOCREH","SOCFORGIRABH","SOCINMAK","BURSOCTRA","COCSCI","SPOANDPHYACTSCI","TECMAK","AHSCOLTEC","JEDCOLTEC2","TECFORFOOANDENVBUR","TOT","PRISULFORTOUANDADMINJED","TOUANDANT","TOUANDHOSMED","UNICENFORCOMSERANDCONEDU","UNIPROFORCOLENGANDSCI","UNISET","VETMEDANDANIRES"]},{"name":"SE","description":"Section","tags":["ACAPRO","ACC","ACCANDMANINFSYS","ADMANDHUM","ADM","ADMSCI","ADMSCIANDHUM","ADMSCIANDTEC","ADMANDTEC","ADV","ADVEDUINGENDEN","ARALANANDGRA","AERENG","AGR","AGRBUSANDCONSCI","AGRECO","AGRENG","AGRENVANDNATRES","AGRSYSENG","ALATECANDINSENG","ALKEDU","ALMENG","ANA","ANE","ANEANDPRO","ANIANDFISPRO","ANIPRO","APPART","APPLIN","APPMEDSCI","APPNATSCI","APPSCI","ARALANANDITSLIT","ARC","ARCANDBUISCI","ARCDES","ARILANAGR","ARI","ARALAN","ARALIT","ARALANTONONNATSPE","ART","ARTEDU","ARTANDHUM","ASSDOC","AST","AVIENG","BACCOMSCIBRI","BANBUSADM","BANANDFIN","BASARALANEDU","THEBASEDU","BASSKI","BASSCIANDTEC","BASSCIANDMATNUM","BAT","BUSANDINFMAN","BIO","BIO1","BIOTEC","BIOSCI","BOTANDMIC","BRICLILABSCI","BRIRESCAR","BUITECSCI","BUSADM","INBUSADM","BUS","BUSMAN","BUSANDTECMAN","CAL","CENEMEMEDCAR","CENFORISLSTU","CHE","CHEENG","CHETEC","CHISTU","CITANDREGPLA","CIVANDARCTEC","CIVANDARCTEC1","CIVENG","CIVENGBRI","CIVTECARC","CLIBIO","CLILABSCI","CLINUT","CLIPHA","CLISTU","CLOANDTEX","COMCOMNET","COMDEP","COM","COMHEA","COMHEAANDMENHEANUR","COMANDINF","COMLAW","COMSER","COMTEC","COMNET","COM1","COMAPP","COMENG","COMINFSYS","COMANDINFSCI","COMANDINFSYS","COMANDINFTEC","COMJUR","COMNETMAN","COMSCIANDINFSYS","COMSCI","COMSCIANDENG","COMTEC1","CONENG","CONENGANDMAN","COUMASBIOPRO","CRE","CRILAW","THECULARILAN","CURANDINS","CURANDTEAMETFORSCI","CURANDMETTEAMAT","CURANDTEAMET","CURANDTECEDU","DAT","DAWANDFUNREL","DAWISLCUL","DEADISLEAQUA","DENHEACAR","DENANDORASUR","DENSUR","DENTEC","DENIN","DEN","DEPHEASER","DESCLOANDORN","DIARAD","DIPHOLUNIDEGPRO","DIPPROFORHIGSCHCAMOREQU","DOCANDCONDOC","DOGANDDOCCON","DOMREF","DEAPREPRO","DIPQUAFORSECWOR","DRU","ECO","ECOANDADM","ECOANDADMSCI","ECOANDADMUNK","ECOANDFIN","ECOM","EDU","EDUPAR","EDUADM","EDUINEDUADMANDSUP","EDUDIP","EDUGUIANDCOU","EDUANDHUMDEV","EDUANDKIN","EDUINMEDANDTECEDU","EDUPOL","EDUPSY","EDUANDPSY","EDUSCI","EDUTEC","EFF","ELEANDCOMENG","ELEENG","ELEENGBRI","ELEPOWENGTEC","ELEPOW","ELEPOWTEC","ELE","ELETEC","EME","EMEMED","EMEMEDTEC","EMENUR","ENG","INENG","ENGANDAPPSCI","ENGLAN","ENGLANANDLIT","ENGMAN","ENGSCI","ENVHEA","ENVSCI","ENVTEC","EPI","EURLANANDLIT","EXEMANHEASERANDHOS","EXEMASBUSADM","EXEMASINMANALO","FAMANDCHI","FAMANDCHISCI","FAMANDCOMMED","FAMCOU","FAMMED","FINANDADMSCI","FIN","FASDES","FASDES1","FINACC","FINADM","ADMANDFINSCIANDTEC","FINANDBAN","FINANDECO","FINANDINV","FINMAN","FINSCI","FAMLIFEDU","FIQ","FOOSCIANDNUT","FOOANDNUT","FOOPROTEC","FOOPROTEC1","FOOSCI","FOOSCIANDHUMNUT","FORLAN","FOUEDU","FRELANANDTRA","GENADM","THEGENADM","GENDIP","GENDIPINEDU","GENEDUDIPPRO","GENEDUDIPPRO1","GENEDUDIP","GENGEO","GENHEA","GENMAT","GENMEDANDSUR","GENSCI","GENSTU","GEO","GEO1","GEOPAT","GRASTUMASSPRO","GRAANDPHI","GRAART","GRADES","GUIANDCOUPAR","GUIANDCOUFORSTU","GUIANDCOUSTU","GUIANDCOUSTUDIP","GUIANDPSYCOU","THEHADANDISLSTU","HADANDITSSCI","HEAINF","HEAINFMAN","HEAMAN","HEAPRO","HEASCI","HEASYSMANANDQUA","HEATRA","HOMECO","HISANDISLCIV","HISANDCIV","HOMECOEDU","HOUANDMANINS","HOUANDHOMMAN","HOLQURANDISLSTU","HRMAN","HUM","HUMPRO","HUMMED","HUMRES","HUMRESMAN","HUMANDTEC","IMAANDRHE","INDIN","INDENG","INDMANTEC","INFANDCOMTEC","INFANDLEARES","INFNET","INFMAN","INFSCI","INFSEC","INFSCI1","INFSYS","INFTEC","INTDES","INTDESENG","INTREL","INT","ISLARC","ISLCUL","ISLECO","ISLHIS","ISLPOL","ISLPRI","ISLSTU","JOIBUS","THEJOIPRO","JUR","THEJUDANDPOLLEG","THEJURYEAANDSOU","JUDSTU","KIN","KIN1","THEKORANDISLSTU","LABSCIAVK","LABTEC","LANANDCUL","LANANDTRA","LAW","LAW1","INLAW","LAWANDPROPRA","LEAINBUS","LEADIFPAR","LEARESCEN","LIBANDINFSCI","LIBANDSEC","LIFSCI","LIN","INLINPRE","LITPREYEAFORCOL","LITANDRHE","LOG","MAHMEDSCI","MAIMEDEQU","MANINFSYS","MANANDMAR","MANMARANDENT","MANANDNUREDU","MAPANDGEOINFSYS","MARBIO","MARCHE","MARPHY","MASBUSADM","MASSCIPROINJOIDES","MASSDEGINHUMRESMAN","MATANDCHIHEANUR","MAT","MATSCI","MATANDSTA","MEAANDEVA","MEAANDTECEDU","MECENG","MECENGTEC","MECTEC","MED","MEDANDCOM","MEDDEVTEC","MEDEDU","MEDEDUANDPRO","MEDEPIANDVITSTA","MEDANDGENSUR","MED1","MEDLAB","MEDLAB1","MEDLABSCI","MEDLABTEC","MEDLABTEC1","MEDMIC","MEDREC","MEDRECSYS","MEDSEC","MEDSEC1","MEDANDSUR","MEDSURNUR","MID","MINLAB","MAR","MARANDECOM","MARANDMAN","MODSCI","MYSANDSURNUR","NATPRO","NATANDENG","NATTHE","NETENG","NEU","NEW","NEWARTANDSCI","NEWCOMANDINFTEC","NEWETI","NEWLIT","NEWSCI","NEWSCIANDCOMENG","NONSPE","NUCENG","NUCMED","NUR","NURBRIYEA","INNUR","NURCRISIT","NURSCI","NURTEC","NUTANDFOOSCI","OBSANDGYN","OFFMAN","OPEANDINFMAN","OPT","ORAANDMAXSUR","ORAANDDENHEA","OTH","OPH","PAT","PED","PEDDENANDORT","PEDNUR","PETENG","PHA","PHA1","PHACHE","PHA2","PHASCI","PHAANDMEDSCI","PHATEC","PHY","PHYANDAST","PHYEDU","PHYEDUANDMOVSCI","PHYEDUANDSPOSCI","PHYMEDANDREH","PHY1","PHY2","PHYANDREH","PLAPRO","PLAPRO1","POLSCI","PREPRO","PRECOMCOL","PREYEA","PRENATSCI","INPRE","PREYEA1","PREANDMED","PREDENSCI","PRIEDU","PROANDDATTEC","PROACC","PROMAN","PSY","PRESCIINS","PSY1","PUB","PUBHEA","PUBLAW","PUBASSISLEDU","PUBREL","PY","PREYEABAL","PREYEACLIPHA","PREYEACOMSCIANDINFTEC","PREYEAENGANDSCICOL","PREYEAENGANDCOMJOUPAT","PREYEAETI","PREYEAFACADMSCIANDTOU","PREYEAHEACOL","PREYEAHUMCOL","PYNORJED","PREYEAPRO","PREYEAPATSCICOL","PYSCIFAC","PREYEATRAMEDCOL","PREYEATRAMEDCOLJOU","QUAANA","QURANDITSSCI","QURANDSUN","QURSTU","RAD","RADANDIMASCI","RADSCI","REA","RELBAS","RESTHE","RESDENSCI","RHEANDCRI","RHEANDCRIANDMETISLLIT","RIG","INIROW","SAFTEC","SALADM","SCIALA","SCIINCIVENG","SCIINELEENG","SCIANDENGPRO","SCIANDMANWATRES","SCIPRO","SCIPROINENVSCI","SCITRA","SEC","SEWTECANDDET","SHA","SHAANDISLSTU","SOC","SOCSCI","SOCSER","SOF","SOFENG","SOISCI","SOCANDSOCSER","SOCANDSOCWOR","SOCSTU","SOULEA","SPEBRE","SPEEDU","SPELANANDHEASCI","SPOMAN","SPETEC","STUARAHIG","STA","STAANDOPERES","SUPPROFORBACNUR","SUR","SYS","SYSENG","TEAARA","TEAPRE","TEATRA","TECELEANDELEENG","TEC","TECCHEENG","TECANDHEAINFMAN","TECLAB","TECMECENGANDMAN","TECMEDSEC","TECANDTISANA","TECANDMANOFF","TISSURTEEANDDENHEACOM","TOT","TOUANDANT","TOUANDHOS","TOUANDHOSTEC","TRACEN","TRA","TRUEDURES","UNIHEAPROFORCOL","UNIPROFORCOLENGANDSCI","UNL","URBPLA","URBANDREGPLA","VETMED","VETPUBHEAANDANIWEL","VISANDDIGPRO","WOMDECTEC","X","YEAREHEVEARALAN","YEAREHEVEARALANSTU","YEAREHEVEAPPSCISTU","YEAREHEVEDAWANDFUNREL","YEAREHEVEEDUINMAK","EVEYEAQUAUNIJOUCOLSTU","YEAREHEVESHA","YEAREHEVESOCSCI","YEAPREFINANDADM","YEAPREMEDSCI","YEAANDSCI","ZOO"]},{"name":"SP","description":"Speciality","tags":["TOT","JUR","ASSJUR","GENDIPINISLSTU","ISLSTU","HISANDCIV","HISANDCIVBUR","ACC","SPOMAN","PHYEDU","ARTEDU","EDUADMANDPLA","ISLEDUANDCOM","ISLASSFOREDU","METTEAENG","METTEAISLEDU","METTEAARALAN","EDUSUP","METTEASOCWOR","METTEAMAT","CURANDTEAAID","TEAMETARTEDU","METTEASCI","STAANDRESPSY","TESANDMEA","GRO","LEA","GENDIPINEDU","MEAANDEVA","COUANDGUI","GRA","RHEANDCRI","LIT","LIN","GRABUR","LITBUR","RHEANDCRIBUR","ISLCAL","ISLCUL","INTQURANANDSCI","HADANDITSSCI","INTQURANANDSCIBUR","CRE","REA","ISLARC","PROENG","THEENG","GUIANDCOU","ARI","SCIANDCOMENG","JUDSTU","THECRIJUSSYS","LAW1","INVANDPRO","SOLSTAPHY","JABPURMAT","PURANAMAT","FIQ","THEJUDANDPOLLEG","SYS","ISLECO","ISLHIS","EDU","DAWISLCUL","INT","MODSCI","THEJURYEAANDSOU","LITANDRHE","LEADIF","DIS","GUIANDCOUSTU","FAMCOU","ARALAN","YEAANDSCI","DOGANDDOCCON","QURANDITSSCI","SOCSER","SOC","DAT","FOUEDU","MANANDPLAEDU","CURANDINS","ISLPRI","GEO","PSY1","CAL","MED","ENGLANANDLIT","TRA","ECO","ISLPOL","COMJUR","BUSMAN","HEAANDHOSMAN","HEAMAN","THEGENADM","DECSCI","PROACC","EBUS","SCIINFIN","DIGMED","PRE","NATHISSAUARA","MODHIS","OLDHIS","MAPANDGEOINFSYS","HUMGEO","PHYGEO","GEOENVANDNATRES","GEOREGDEV","GEOURBANDPOP","GEOINFSYS","LITANDCRI","GRALAN","THELAN","LIBANDINFSCI","POLSCI","HIGEDUADM","GENEDUDEP","EDUADM","ADUEDUANDCONEDU","EARCHIEDU","HEADIS","MENRET","BEHANDEMODIS","INTANDMOD","JURANDASS","CURANDGENTEA","TEAENGTOSPEOTHLAN","METTEAPHYEDU","METTEAFORSCI","METTEAARALAN1","METTEASOCSTU","GENCUR","CURANDMETTEACOM","SOCSCIANDINDPSY","COUPSY","EDUPSYANDGRO","PSYMEAANDEVASCI","EDUPSY","CLIPSY","PSYGRO","EDUTEC","NURMAN","INTANDSURNURFORADU","MATNUR","CHINUR","MID","PSYANDMENHEANUR","COMHEANUR","ISLEFF","ANT","ISLERA","QUACONPHA","TOX","PHA1","CHI","CLIPHA","DRU","PHAANACHE","PHY1","PUBHEA","COU","ECOGEO","GEO2","PAL","APPMAT","ALG","ENGANDTOP","ANA","MAT","PHY","SCIINPOL","CHE","ANACHE","ORGCHE","INOCHE","PHYCHE","BIO","MIC","PLA","ENVSCI","ANIANDENVPOL","INSANDPAR","CELBIOANDGENANDTIS","ZOO","MEMFUNANDBIOSCICON","BIO1","SCIINRENENE","SCIINOPT","CLINUT","MEDMIC","MEDBIO","BLOANDSERDIS","URBANDREGPLA","REAESTDEV","SCIINURBDES","ARCANDBUISCI","MANSYS","INDENGHUMFACANDSAF","INDSYS","OCCSAFENG","COM","AUTCONSYSANDCOM","ELE1","ELEPOW","CHEIND","CHEENGPOL","CHEENG","ENVENG","CONENG","ENGANDCONMAN","DESANDAPPMEC","HEAANDFLU","SOLMEC","SCIINMATENG","DESENG","THETREGUMDIS","DIAORASCI","ORT","DENRES","AGRECO","POUPRO","AGRANIPRO","SCIINORC","FOOPROENG","IRRANDDRAENG","MACAGRPOWENG","FOOSCI","SOISCI","WORINS","PES","COMSCI","COMENG1","INFSYS","YEASCIINCOMENG","SOFENG","FRELANANDTRA","PHYTRA","MOVSCI","TRAARALANTEAFORNONNATSPE","HEASERMAN","EXEGENADM","HUMRESMAN","ATIBUSADM","EXEMANHEASERANDHOS","ENGLIT","SOCSEA","SOCANDSOCSER","ARALANANDITSLIT","PSYGUI","INFSCI","DOMREF","INFMAN","ARILANAGR","SCIANDMANWATRES","INFTEC","COMINFSYS","TECANDTISANA","MEDEDU","CLIBIO","MEDEPIANDVITSTA","PSYHEA","THEPSYLEA","INTCOMEDU","GENEDUDIPPRO","CURANDTEAHIS","CURANDTEAMETGEO","CURANDMETTEAMAT","CURANDMETTEASCI","CURANDTEAMETFORSCI","CURANDTEAENG","CURANDMETTEAARALAN","BEHDISANDAUT","VISDIS","SPEEDU","MENSUPANDTAL","GUIANDEDUGUI","AST","BIO2","ANIALI","INH","STA","PHA","NATPRO","PEDDEN","PREDEN","PROANDDESSYS","HEAANDWATDES","ELEENG","ELEANDCOM","STRENGANDENG","VITMEDENG","INDENG","AVIENG","NUCPOWENG","ENGMAN","ARC","PETANDDEP","MARBIO","MARCHE","MARPHY","HOMECOEDU","FOOANDNUT","CLOANDTEX","GRAART","TECWOR","DES","DRAANDPAI","METJEW","ARTTEX","ANI","GEN","CLICHE","HEM","COMANDINF","ENGLAN","LAWANDPROPRA","SURNURANDINT","OBSANDGYNNUR","AERENG","CIVENG","COMENG","MECENG","MATSCIANDENG","PETENG","CONENGANDMAN","CITANDREGPLA","SECANDENSINF","COMNET","SYSENG","INDANDSYSENG","SUPCHAMAN","BUSMANEXE","MEDPHY","APPSTA","GEO1","GUIANDCOUFORSTU","GEOANDGIS","SOCANDSOCWOR","APPLIN","QURANDSUN","PRIFIQ","ANIPROSCI","FIS","POUSCI","LANANDWAT","CROSCI","PLAPROSCI","FOOSCIANDTEC","AGRENG","VETMEDANA","VETMEDBIRANDALT","BORANDALTARTINSANDEMBTRA","VETMEDDRUANDTRE","DOCANDCONDOC","LITANDRHEANDCRI","EDUADMANDSUP","COM1","SOCSTU","SCI","BUSSTU","FORSCI","LEARES","GUIANDPSYCOU","PUBASSISLEDU","NUTSCIANDHUMNUT","VETMED","LITSTU","LINSTU","SCIINECO","SPEBRE","FASDES","CURANDTEAMETISLSCI","CURANDINSSOCSCI","CURANDTEAMETFAMEDU","CURANDTEAMETPHYEDU","PRIEDUCUR","CURANDTEAMETINENGPAR","IMAANDRHE","CURANDMETTEAISLSTU","MINVIRNEI","MINBACALI","PURMAT","ANACHE1","EXEMASBUSADM","GENSUR","PLASUR","URO","EYESUR","ORTSUR","NEU1","EARNOSANDTHRSURINCHI","HEASUR","EARNOSANDTHRSUR","ORTINJ","INTMED","DER","NEU","PSY","CRICARMEDFORADU","KIDDIS","ENDDIS","HEADIS1","MEDINFDIS","MEDRHEDIS","MEDFORADUBLODIS","DIGDIS","CHESDIS","CARFORWOUADU","MEDMEDONC","GYNANDOBS","DENDISINFINWOM","FAMMED","PED","NEUDISINCHI","ENDGLAINCHI","HEADISINCHI","NEODIS","DIGDISINCHI","CRICARMEDINCHI","EMEMEDATCHI","MEDFORCHIHEM","MEDINFDISFORCHI","PSYFORCHIANDTEE","RESDISINCHI","ANE1","ANEFORHEADIS","ANEINCHI","ANEINWOM","RAD","EMEMEDINADU","AIREMEMED","PHYMEDANDREH","CLILABSCI","DEN","HEAINF","HEASYSMANANDQUA","CURANDTEAMET","EDUANDPSY","GENEDUDIP","INFANDCOMTECINEDU","EDULEA","BUSADM","SUPSCIINMAT","GUIANDPSYCOUDIP","KIN","GUIANDCOUSTUDIP","OCCMEDANDOCCHEA","OPH","HIS","MACFORCON","MEDLABTEC1","NATTHE","PEDNUR","NURCRISIT","INFSEC","EDUANDHUMDEV","BIOSCI","X","ISLFINMAN","MANINFSYS","CRILAW","COMLAW","INTREL","SUNREP","CONDENDENAESMED","THETREGUMDISANDDENIMP","ENDANDDENNER","ORAANDMAXSUR","DIAMEDMOUSCI","EDUINEDUADMANDSUP","EDUINMEDANDTECEDU","COMSYSANDMANTEC","SCIINACC","CARINACC","LAW","LEGSTU","FINANDINVMAN","FINSUP","ASSDOC"]},{"name":"DS","description":"Degree State","tags":["AVEDIP","UND","POSGRA","TOT"]}]