[{"category":"YR","name":"200200","description":"2009-2008","tags":[[]]},{"category":"YR","name":"201200","description":"2010-2009","tags":[[]]},{"category":"YR","name":"201201","description":"2013-2012","tags":[[]]},{"category":"YR","name":"2002001","description":"2008-2007","tags":[[]]},{"category":"YR","name":"2002002","description":"2007-2006","tags":[[]]},{"category":"YR","name":"2002003","description":"2006-2005","tags":[[]]},{"category":"YR","name":"2002004","description":"2005-2004","tags":[[]]},{"category":"YR","name":"2012011","description":"2012-2011","tags":[[]]},{"category":"YR","name":"2012012","description":"2011-2010","tags":[[]]},{"category":"YR","name":"2012013","description":"2014-2013","tags":[[]]}]