[{"category":"CO","name":"ADMANDFINSCI","description":"Administrative And Financial Sciences","tags":[[{"category":"IN","tag":"KINKHAUNI"},{"category":"IT","tag":"PUBUNI"}],[{"category":"IN","tag":"TAIUNI1"},{"category":"IT","tag":"PUBUNI"}],[{"category":"IN","tag":"SAUARAUNIELE"},{"category":"IT","tag":"PUBUNI"}]]},{"category":"CO","name":"ADMANDHOMECOINABH","description":"Administration And Home Economics In Abha","tags":[[{"category":"IN","tag":"KINKHAUNI"},{"category":"IT","tag":"PUBUNI"}]]},{"category":"CO","name":"ADMSCI","description":"Administration Science","tags":[[{"category":"IN","tag":"NAJUNI"},{"category":"IT","tag":"PUBUNI"}]]},{"category":"CO","name":"ADMSCIANDHUMBIS","description":"Administrative Sciences And Humanities Biskaka","tags":[[{"category":"IN","tag":"ALJAWUNI"},{"category":"IT","tag":"PUBUNI"}]]},{"category":"CO","name":"ADMSCIANDHUMHOTSAD","description":"Administrative Sciences And Humanities Hotat Sadir","tags":[[{"category":"IN","tag":"ALMAJAHUNI"},{"category":"IT","tag":"PUBUNI"}]]},{"category":"CO","name":"ADMSCIANDHUM","description":"Administrative Sciences And Humanities","tags":[[{"category":"IN","tag":"QASPRICOL"},{"category":"IT","tag":"PRIUNIANDCOL"}],[{"category":"IN","tag":"BURCOL"},{"category":"IT","tag":"PRIUNIANDCOL"}]]},{"category":"CO","name":"ADV","description":"Advertising","tags":[[{"category":"IN","tag":"UNIBUSANDTEC"},{"category":"IT","tag":"PRIUNIANDCOL"}]]},{"category":"CO","name":"ADVANDINF","description":"Advocacy And Information","tags":[[{"category":"IN","tag":"IMAMUHIBNSAUISLUNI"},{"category":"IT","tag":"PUBUNI"}]]},{"category":"CO","name":"AGEDEAEDUSERINYAN","description":"Agency Dean, Educational Services In Yanbu","tags":[[{"category":"IN","tag":"TAIUNI"},{"category":"IT","tag":"PUBUNI"}]]},{"category":"CO","name":"AGRANDFOOSCI","description":"Agricultural And Food Sciences","tags":[[{"category":"IN","tag":"KINFAIUNI"},{"category":"IT","tag":"PUBUNI"}]]},{"category":"CO","name":"AGRANDVETMED","description":"Agriculture And Veterinary Medicine","tags":[[{"category":"IN","tag":"QASUNI"},{"category":"IT","tag":"PUBUNI"}]]},{"category":"CO","name":"APPMEDSCI","description":"Applied Medical Sciences","tags":[[{"category":"IN","tag":"KINABDUNI"},{"category":"IT","tag":"PUBUNI"}],[{"category":"IN","tag":"TAIUNI"},{"category":"IT","tag":"PUBUNI"}],[{"category":"IN","tag":"GAZUNI"},{"category":"IT","tag":"PUBUNI"}],[{"category":"IN","tag":"UNIHAI"},{"category":"IT","tag":"PUBUNI"}],[{"category":"IN","tag":"ALJAWUNI"},{"category":"IT","tag":"PUBUNI"}],[{"category":"IN","tag":"TABUNI"},{"category":"IT","tag":"PUBUNI"}],[{"category":"IN","tag":"ALBAHUNI"},{"category":"IT","tag":"PUBUNI"}],[{"category":"IN","tag":"NAJUNI"},{"category":"IT","tag":"PUBUNI"}],[{"category":"IN","tag":"NORBORUNI"},{"category":"IT","tag":"PUBUNI"}],[{"category":"IN","tag":"BURCOL"},{"category":"IT","tag":"PRIUNIANDCOL"}],[{"category":"IN","tag":"KINSAUUNI"},{"category":"IT","tag":"PUBUNI"}]]},{"category":"CO","name":"APPMEDSCIINABH","description":"Applied Medical Sciences In Abha","tags":[[{"category":"IN","tag":"KINKHAUNI"},{"category":"IT","tag":"PUBUNI"}]]},{"category":"CO","name":"APPMEDSCIBHQ","description":"Applied Medical Sciences Bhqra","tags":[[{"category":"IN","tag":"SHAUNI"},{"category":"IT","tag":"PUBUNI"}]]},{"category":"CO","name":"APPMEDSCIINWADPRO","description":"Applied Medical Sciences In Wadi Propellants","tags":[[{"category":"IN","tag":"SALBINABDUNI"},{"category":"IT","tag":"PUBUNI"}]]},{"category":"CO","name":"APPMEDSCIHAFALBAT","description":"Applied Medical Sciences Hafr Al-batin","tags":[[{"category":"IN","tag":"UNIDAM"},{"category":"IT","tag":"PUBUNI"}]]},{"category":"CO","name":"APPMEDSCIMAJAH","description":"Applied Medical Sciences Majma'ah","tags":[[{"category":"IN","tag":"ALMAJAHUNI"},{"category":"IT","tag":"PUBUNI"}]]},{"category":"CO","name":"APPMEDSCIINRIY","description":"Applied Medical Sciences In Riyadh","tags":[[{"category":"IN","tag":"KINSAUBINABDUNIFORHEASCI"},{"category":"IT","tag":"PUBUNI"}]]},{"category":"CO","name":"APPSCI","description":"Applied Science","tags":[[{"category":"IN","tag":"UMMALQURUNI"},{"category":"IT","tag":"PUBUNI"}]]},{"category":"CO","name":"ARCANDDIGDES","description":"Architecture And Digital Design","tags":[[{"category":"IN","tag":"DARALULOUNI"},{"category":"IT","tag":"PRIUNIANDCOL"}]]},{"category":"CO","name":"ARCANDPLA","description":"Architecture And Planning","tags":[[{"category":"IN","tag":"QASUNI"},{"category":"IT","tag":"PUBUNI"}],[{"category":"IN","tag":"KINSAUUNI"},{"category":"IT","tag":"PUBUNI"}],[{"category":"IN","tag":"UNIDAM"},{"category":"IT","tag":"PUBUNI"}]]},{"category":"CO","name":"ARAEASGRASTUANDCOL","description":"Arab East Graduate Studies And Colleges","tags":[[{"category":"IN","tag":"ARAEASCOL"},{"category":"IT","tag":"PRIUNIANDCOL"}]]},{"category":"CO","name":"ARALAN","description":"Arabic Language","tags":[[{"category":"IN","tag":"ISLUNIINMAD"},{"category":"IT","tag":"PUBUNI"}],[{"category":"IN","tag":"IMAMUHIBNSAUISLUNI"},{"category":"IT","tag":"PUBUNI"}]]},{"category":"CO","name":"ARALANINS","description":"Arabic Language Institute","tags":[[{"category":"IN","tag":"UMMALQURUNI"},{"category":"IT","tag":"PUBUNI"}],[{"category":"IN","tag":"KINSAUUNI"},{"category":"IT","tag":"PUBUNI"}]]},{"category":"CO","name":"ARALANANDITSLIT","description":"Arabic Language And Its Literature","tags":[[{"category":"IN","tag":"UMMALQURUNI"},{"category":"IT","tag":"PUBUNI"}]]},{"category":"CO","name":"ARALANANDSOCSTU","description":"Arabic Language And Social Studies","tags":[[{"category":"IN","tag":"QASUNI"},{"category":"IT","tag":"PUBUNI"}]]},{"category":"CO","name":"ART","description":"Arts","tags":[[{"category":"IN","tag":"KINFAIUNI"},{"category":"IT","tag":"PUBUNI"}],[{"category":"IN","tag":"TAIUNI1"},{"category":"IT","tag":"PUBUNI"}],[{"category":"IN","tag":"KINSAUUNI"},{"category":"IT","tag":"PUBUNI"}]]},{"category":"CO","name":"ARTINDAM","description":"Arts In Dammam","tags":[[{"category":"IN","tag":"UNIDAM"},{"category":"IT","tag":"PUBUNI"}]]},{"category":"CO","name":"ARTANDDES","description":"Art And Design","tags":[[{"category":"IN","tag":"KINABDUNI"},{"category":"IT","tag":"PUBUNI"}]]},{"category":"CO","name":"ARTFORGIRINABH","description":"Arts For Girls In Abha","tags":[[{"category":"IN","tag":"KINKHAUNI"},{"category":"IT","tag":"PUBUNI"}]]},{"category":"CO","name":"ARTANDHUM","description":"Arts And Humanities","tags":[[{"category":"IN","tag":"KINABDUNI"},{"category":"IT","tag":"PUBUNI"}],[{"category":"IN","tag":"TAIUNI"},{"category":"IT","tag":"PUBUNI"}],[{"category":"IN","tag":"GAZUNI"},{"category":"IT","tag":"PUBUNI"}],[{"category":"IN","tag":"ALBAHUNI"},{"category":"IT","tag":"PUBUNI"}]]},{"category":"CO","name":"ARTANDINTDES","description":"Arts And Interior Design","tags":[[{"category":"IN","tag":"UMMALQURUNI"},{"category":"IT","tag":"PUBUNI"}]]},{"category":"CO","name":"ARTANDMANBOU","description":"Arts And Management Bouaphh","tags":[[{"category":"IN","tag":"KINKHAUNI"},{"category":"IT","tag":"PUBUNI"}]]},{"category":"CO","name":"ARTANDSCIINHISMINHAW","description":"Arts And Sciences In His Mind Hawks","tags":[[{"category":"IN","tag":"QASUNI"},{"category":"IT","tag":"PUBUNI"}]]},{"category":"CO","name":"ARTANDSCI","description":"Arts And Sciences","tags":[[{"category":"IN","tag":"NAJUNI"},{"category":"IT","tag":"PUBUNI"}],[{"category":"IN","tag":"PRIMOHBINFAHUNI"},{"category":"IT","tag":"PRIUNIANDCOL"}]]},{"category":"CO","name":"ARTANDSCIINWADPRO","description":"Arts And Sciences In Wadi Propellants","tags":[[{"category":"IN","tag":"SALBINABDUNI"},{"category":"IT","tag":"PUBUNI"}]]},{"category":"CO","name":"LITANDART","description":"Literature And the Arts","tags":[[{"category":"IN","tag":"UNIHAI"},{"category":"IT","tag":"PUBUNI"}]]},{"category":"CO","name":"APPSTUANDCOMSER","description":"Applied Studies And Community Service","tags":[[{"category":"IN","tag":"KINSAUUNI"},{"category":"IT","tag":"PUBUNI"}],[{"category":"IN","tag":"KINFAIUNI"},{"category":"IT","tag":"PUBUNI"}]]},{"category":"CO","name":"BUSRABBRA","description":"Business Rabigh Branch","tags":[[{"category":"IN","tag":"KINABDUNI"},{"category":"IT","tag":"PUBUNI"}]]},{"category":"CO","name":"BUSMAN","description":"Business Management","tags":[[{"category":"IN","tag":"UMMALQURUNI"},{"category":"IT","tag":"PUBUNI"}],[{"category":"IN","tag":"KINFAIUNI"},{"category":"IT","tag":"PUBUNI"}],[{"category":"IN","tag":"TAIUNI"},{"category":"IT","tag":"PUBUNI"}],[{"category":"IN","tag":"GAZUNI"},{"category":"IT","tag":"PUBUNI"}],[{"category":"IN","tag":"TABUNI"},{"category":"IT","tag":"PUBUNI"}],[{"category":"IN","tag":"ALMAJAHUNI"},{"category":"IT","tag":"PUBUNI"}],[{"category":"IN","tag":"ARAOPEUNI"},{"category":"IT","tag":"PRIUNIANDCOL"}],[{"category":"IN","tag":"PRIMOHBINFAHUNI"},{"category":"IT","tag":"PRIUNIANDCOL"}],[{"category":"IN","tag":"ALFAIUNI"},{"category":"IT","tag":"PRIUNIANDCOL"}],[{"category":"IN","tag":"ALYAMUNI"},{"category":"IT","tag":"PRIUNIANDCOL"}],[{"category":"IN","tag":"EFFUNI"},{"category":"IT","tag":"PRIUNIANDCOL"}],[{"category":"IN","tag":"DARALULOUNI"},{"category":"IT","tag":"PRIUNIANDCOL"}],[{"category":"IN","tag":"UNIBUSANDTEC"},{"category":"IT","tag":"PRIUNIANDCOL"}]]},{"category":"CO","name":"BUS","description":"Business","tags":[[{"category":"IN","tag":"QASUNI"},{"category":"IT","tag":"PUBUNI"}]]},{"category":"CO","name":"DARALHIKBUS","description":"Dar Al-hikma of Business","tags":[[{"category":"IN","tag":"DARALHEKCOL"},{"category":"IT","tag":"PRIUNIANDCOL"}]]},{"category":"CO","name":"BUSADMINYAN","description":"Business Administration In Yanbu","tags":[[{"category":"IN","tag":"TAIUNI"},{"category":"IT","tag":"PUBUNI"}]]},{"category":"CO","name":"BUSADMARA","description":"Business Administration Arar","tags":[[{"category":"IN","tag":"NORBORUNI"},{"category":"IT","tag":"PUBUNI"}]]},{"category":"CO","name":"BUSADMBAF","description":"Business Administration Bafeef","tags":[[{"category":"IN","tag":"SHAUNI"},{"category":"IT","tag":"PUBUNI"}]]},{"category":"CO","name":"BUSADMINALKHA","description":"Business Administration In Al-kharj","tags":[[{"category":"IN","tag":"SALBINABDUNI"},{"category":"IT","tag":"PUBUNI"}]]},{"category":"CO","name":"BUSADMZUL","description":"Business Administration Zulfi","tags":[[{"category":"IN","tag":"ALMAJAHUNI"},{"category":"IT","tag":"PUBUNI"}]]},{"category":"CO","name":"BUSADM","description":"Business Administration","tags":[[{"category":"IN","tag":"KINSAUUNI"},{"category":"IT","tag":"PUBUNI"}]]},{"category":"CO","name":"DARALHIKBUSANDLAW","description":"Dar Al-hikma of Business And Law","tags":[[{"category":"IN","tag":"DARALHEKCOL"},{"category":"IT","tag":"PRIUNIANDCOL"}]]},{"category":"CO","name":"BUSANDMAN","description":"Business And Management","tags":[[{"category":"IN","tag":"FAHBINSULUNI"},{"category":"IT","tag":"PRIUNIANDCOL"}]]},{"category":"CO","name":"BAHCIVSCI","description":"Baha Civil Sciences","tags":[[{"category":"IN","tag":"BAHPRICOLSCI"},{"category":"IT","tag":"PRIUNIANDCOL"}]]},{"category":"CO","name":"CLIPHA","description":"Clinical Pharmacy","tags":[[{"category":"IN","tag":"ALBAHUNI"},{"category":"IT","tag":"PUBUNI"}]]},{"category":"CO","name":"BHACOM","description":"Bharimlae Community","tags":[[{"category":"IN","tag":"SHAUNI"},{"category":"IT","tag":"PUBUNI"}],[{"category":"IN","tag":"NORBORUNI"},{"category":"IT","tag":"PUBUNI"}]]},{"category":"CO","name":"UNICOLPAL","description":"University College Paljmom","tags":[[{"category":"IN","tag":"UMMALQURUNI"},{"category":"IT","tag":"PUBUNI"}]]},{"category":"CO","name":"UNICOLBBA","description":"University College Bbakaa","tags":[[{"category":"IN","tag":"UNIHAI"},{"category":"IT","tag":"PUBUNI"}]]},{"category":"CO","name":"UNICOLDAB","description":"University College Daba","tags":[[{"category":"IN","tag":"TABUNI"},{"category":"IT","tag":"PUBUNI"}]]},{"category":"CO","name":"GIRSCOL","description":"Girl's College","tags":[[{"category":"IN","tag":"PRISULUNI"},{"category":"IT","tag":"PRIUNIANDCOL"}]]},{"category":"CO","name":"UNICOLJUB","description":"University College Jubail","tags":[[{"category":"IN","tag":"JUBUNICOL"},{"category":"IT","tag":"ALLINSTYP"}]]},{"category":"CO","name":"YANUNICOL","description":"Yanbu University College","tags":[[{"category":"IN","tag":"YANEDUSEC"},{"category":"IT","tag":"ALLINSTYP"}]]},{"category":"CO","name":"ENVCOLINBUR","description":"Environment College In Buraidah","tags":[[{"category":"IN","tag":"TECANDVOCTRACOR"},{"category":"IT","tag":"OTHINS"}]]},{"category":"CO","name":"JUBINDCOL","description":"Jubail Industrial College","tags":[[{"category":"IN","tag":"JUBINDCOL"},{"category":"IT","tag":"OTHINS"}]]},{"category":"CO","name":"IBNRUSCOLADMSCI","description":"Ibn Rushd College of Administrative Sciences","tags":[[{"category":"IN","tag":"IBNRUSCOLADMSCI"},{"category":"IT","tag":"PRIUNIANDCOL"}]]},{"category":"CO","name":"TOMINTCOLAPPMEDSCIINRIY","description":"Tomorrow International College of Applied Medical Sciences In Riyadh","tags":[[{"category":"IN","tag":"ALGHAINTCOLFORHEASCI"},{"category":"IT","tag":"PRIUNIANDCOL"}]]},{"category":"CO","name":"RIYCOLDENANDPHA","description":"Riyadh Colleges of Dentistry And Pharmacy","tags":[[{"category":"IN","tag":"RIYCOLDENANDPHA"},{"category":"IT","tag":"PRIUNIANDCOL"}]]},{"category":"CO","name":"IBNSINELIFORMEDSCI","description":"Ibn Sina Eligibility For Medical Sciences","tags":[[{"category":"IN","tag":"IBNSINPRICOLMEDSCI"},{"category":"IT","tag":"PRIUNIANDCOL"}]]},{"category":"CO","name":"AFLCOMCO","description":"Aflaj Community (co)","tags":[[{"category":"IN","tag":"SALBINABDUNI"},{"category":"IT","tag":"PUBUNI"}]]},{"category":"CO","name":"COMANDELEINJED","description":"Communications And Electronics In Jeddah","tags":[[{"category":"IN","tag":"TECANDVOCTRACOR"},{"category":"IT","tag":"OTHINS"}]]},{"category":"CO","name":"COMANDINFINRIY","description":"Communication And Information In Riyadh","tags":[[{"category":"IN","tag":"TECANDVOCTRACOR"},{"category":"IT","tag":"OTHINS"}]]},{"category":"CO","name":"COMANDINF","description":"Communication And Information","tags":[[{"category":"IN","tag":"KINABDUNI"},{"category":"IT","tag":"PUBUNI"}]]},{"category":"CO","name":"ABUARICOM","description":"Abu Arish Community","tags":[[{"category":"IN","tag":"GAZUNI"},{"category":"IT","tag":"PUBUNI"}]]},{"category":"CO","name":"ARACOM","description":"Arar Community","tags":[[{"category":"IN","tag":"NORBORUNI"},{"category":"IT","tag":"PUBUNI"}]]},{"category":"CO","name":"ASICOMBMH","description":"Asir Community Bmhaal","tags":[[{"category":"IN","tag":"KINKHAUNI"},{"category":"IT","tag":"PUBUNI"}]]},{"category":"CO","name":"BADCOM","description":"Badr Community","tags":[[{"category":"IN","tag":"TAIUNI"},{"category":"IT","tag":"PUBUNI"}]]},{"category":"CO","name":"BHRCOMSER","description":"Bhrorh Community Service","tags":[[{"category":"IN","tag":"NAJUNI"},{"category":"IT","tag":"PUBUNI"}]]},{"category":"CO","name":"COM","description":"Community","tags":[[{"category":"IN","tag":"UNIHAI"},{"category":"IT","tag":"PUBUNI"}],[{"category":"IN","tag":"ALBAHUNI"},{"category":"IT","tag":"PUBUNI"}]]},{"category":"CO","name":"COMALD","description":"Community Aldawadmi","tags":[[{"category":"IN","tag":"SHAUNI"},{"category":"IT","tag":"PUBUNI"}]]},{"category":"CO","name":"COMINALKHACO","description":"Community In Al-kharj (co)","tags":[[{"category":"IN","tag":"SALBINABDUNI"},{"category":"IT","tag":"PUBUNI"}]]},{"category":"CO","name":"COMBIS","description":"Community Biskaka","tags":[[{"category":"IN","tag":"ALJAWUNI"},{"category":"IT","tag":"PUBUNI"}]]},{"category":"CO","name":"COMBNI","description":"Community Bnizp","tags":[[{"category":"IN","tag":"QASUNI"},{"category":"IT","tag":"PUBUNI"}]]},{"category":"CO","name":"COMCOL","description":"Community College","tags":[[{"category":"IN","tag":"KINABDUNI"},{"category":"IT","tag":"PUBUNI"}]]},{"category":"CO","name":"COMINDAM","description":"Community In Dammam","tags":[[{"category":"IN","tag":"KINFAHUNIPETANDMIN"},{"category":"IT","tag":"PUBUNI"}]]},{"category":"CO","name":"COMMAJAH","description":"Community Majma'ah","tags":[[{"category":"IN","tag":"ALMAJAHUNI"},{"category":"IT","tag":"PUBUNI"}]]},{"category":"CO","name":"FACAPPSTUANDCOMSER","description":"Faculty of Applied Studies And Community Service","tags":[[{"category":"IN","tag":"UNIDAM"},{"category":"IT","tag":"PUBUNI"}]]},{"category":"CO","name":"COMCOLMEDCAR","description":"Community College Medical Care","tags":[[{"category":"IN","tag":"INAMEDCOL"},{"category":"IT","tag":"PRIUNIANDCOL"}]]},{"category":"CO","name":"COMINRIY","description":"Community In Riyadh","tags":[[{"category":"IN","tag":"KINSAUUNI"},{"category":"IT","tag":"PUBUNI"}]]},{"category":"CO","name":"COMSERANDCONEDU","description":"Community Service And Continuing Education","tags":[[{"category":"IN","tag":"UMMALQURUNI"},{"category":"IT","tag":"PUBUNI"}]]},{"category":"CO","name":"DUBPROCOMCOL","description":"Duba Province Community College","tags":[[{"category":"IN","tag":"TABUNI"},{"category":"IT","tag":"PUBUNI"}]]},{"category":"CO","name":"COMCOLBUSADM","description":"Community College of Business Administration","tags":[[{"category":"IN","tag":"UNIBUSANDTEC"},{"category":"IT","tag":"PRIUNIANDCOL"}]]},{"category":"CO","name":"KHAMUSCOM1","description":"Khamis Mushayt Community","tags":[[{"category":"IN","tag":"KINKHAUNI"},{"category":"IT","tag":"PUBUNI"}]]},{"category":"CO","name":"COMJOU","description":"Computer Jouf","tags":[[{"category":"IN","tag":"UMMALQURUNI"},{"category":"IT","tag":"PUBUNI"}]]},{"category":"CO","name":"COM1","description":"Computer","tags":[[{"category":"IN","tag":"ISLUNIINMAD"},{"category":"IT","tag":"PUBUNI"}],[{"category":"IN","tag":"QASUNI"},{"category":"IT","tag":"PUBUNI"}],[{"category":"IN","tag":"ARAOPEUNI"},{"category":"IT","tag":"PRIUNIANDCOL"}],[{"category":"IN","tag":"FAHBINSULUNI"},{"category":"IT","tag":"PRIUNIANDCOL"}],[{"category":"IN","tag":"QASPRICOL"},{"category":"IT","tag":"PRIUNIANDCOL"}],[{"category":"IN","tag":"BURCOL"},{"category":"IT","tag":"PRIUNIANDCOL"}]]},{"category":"CO","name":"COMBHQ1","description":"Computer Bhqra","tags":[[{"category":"IN","tag":"SHAUNI"},{"category":"IT","tag":"PUBUNI"}]]},{"category":"CO","name":"COMBAL2","description":"Computer Ballit","tags":[[{"category":"IN","tag":"UMMALQURUNI"},{"category":"IT","tag":"PUBUNI"}]]},{"category":"CO","name":"COMANDINF2","description":"Computing And Informatics","tags":[[{"category":"IN","tag":"SAUARAUNIELE"},{"category":"IT","tag":"PUBUNI"}]]},{"category":"CO","name":"COMANDINF1","description":"Computer And Information","tags":[[{"category":"IN","tag":"ALMAJAHUNI"},{"category":"IT","tag":"PUBUNI"}]]},{"category":"CO","name":"COMANDINFSCI","description":"Computer And Information Sciences","tags":[[{"category":"IN","tag":"ALJAWUNI"},{"category":"IT","tag":"PUBUNI"}],[{"category":"IN","tag":"KINSAUUNI"},{"category":"IT","tag":"PUBUNI"}]]},{"category":"CO","name":"COMANDINFSYS1","description":"Computing And Information Systems","tags":[[{"category":"IN","tag":"TAIUNI1"},{"category":"IT","tag":"PUBUNI"}]]},{"category":"CO","name":"COMANDINFTEC","description":"Computing And Information Technology","tags":[[{"category":"IN","tag":"KINABDUNI"},{"category":"IT","tag":"PUBUNI"}],[{"category":"IN","tag":"TABUNI"},{"category":"IT","tag":"PUBUNI"}]]},{"category":"CO","name":"COMANDINFTECPAR","description":"Computing And Information Technology Parvha","tags":[[{"category":"IN","tag":"NORBORUNI"},{"category":"IT","tag":"PUBUNI"}]]},{"category":"CO","name":"COMANDINFSYS","description":"Computer And Information Systems","tags":[[{"category":"IN","tag":"UMMALQURUNI"},{"category":"IT","tag":"PUBUNI"}],[{"category":"IN","tag":"GAZUNI"},{"category":"IT","tag":"PUBUNI"}]]},{"category":"CO","name":"COMSCI","description":"Computer Science","tags":[[{"category":"IN","tag":"KINKHAUNI"},{"category":"IT","tag":"PUBUNI"}],[{"category":"IN","tag":"KINFAIUNI"},{"category":"IT","tag":"PUBUNI"}],[{"category":"IN","tag":"QASUNI"},{"category":"IT","tag":"PUBUNI"}]]},{"category":"CO","name":"COMSCIANDENGINYAN","description":"Computer Science And Engineering In Yanbu","tags":[[{"category":"IN","tag":"TAIUNI"},{"category":"IT","tag":"PUBUNI"}]]},{"category":"CO","name":"COMSCIANDINFSYS","description":"Computer Science And Information Systems","tags":[[{"category":"IN","tag":"NAJUNI"},{"category":"IT","tag":"PUBUNI"}]]},{"category":"CO","name":"COMSCIANDINFTEC","description":"Computer Science And Information Technology","tags":[[{"category":"IN","tag":"KINFAIUNI"},{"category":"IT","tag":"PUBUNI"}],[{"category":"IN","tag":"ALBAHUNI"},{"category":"IT","tag":"PUBUNI"}],[{"category":"IN","tag":"ALYAMUNI"},{"category":"IT","tag":"PRIUNIANDCOL"}]]},{"category":"CO","name":"DEACOMANDCONEDUMAJAHSER","description":"Deanship of Community And Continuing Education Majma'ah Service","tags":[[{"category":"IN","tag":"ALMAJAHUNI"},{"category":"IT","tag":"PUBUNI"}]]},{"category":"CO","name":"DEACOMSERBUR","description":"Deanship of Community Service Buraidah","tags":[[{"category":"IN","tag":"QASUNI"},{"category":"IT","tag":"PUBUNI"}]]},{"category":"CO","name":"DEACOMSERANDCONEDU","description":"Deanship of Community Service And Continuing Education","tags":[[{"category":"IN","tag":"GAZUNI"},{"category":"IT","tag":"PUBUNI"}],[{"category":"IN","tag":"TABUNI"},{"category":"IT","tag":"PUBUNI"}],[{"category":"IN","tag":"PRINOUBINABDRAHUNI"},{"category":"IT","tag":"PUBUNI"}]]},{"category":"CO","name":"DEACOMSERANDCONEDUHAFALBAT","description":"Deanship of Community Service And Continuing Education Hafr Al-batin","tags":[[{"category":"IN","tag":"ALMAJAHUNI"},{"category":"IT","tag":"PUBUNI"}]]},{"category":"CO","name":"DEADISLEA","description":"Deanship of Distance Learning","tags":[[{"category":"IN","tag":"IMAMUHIBNSAUISLUNI"},{"category":"IT","tag":"PUBUNI"}]]},{"category":"CO","name":"DEAEDUSER","description":"Deanship of Educational Services","tags":[[{"category":"IN","tag":"QASUNI"},{"category":"IT","tag":"PUBUNI"}],[{"category":"IN","tag":"TAIUNI"},{"category":"IT","tag":"PUBUNI"}]]},{"category":"CO","name":"DEN","description":"Dentistry","tags":[[{"category":"IN","tag":"KINABDUNI"},{"category":"IT","tag":"PUBUNI"}],[{"category":"IN","tag":"KINKHAUNI"},{"category":"IT","tag":"PUBUNI"}],[{"category":"IN","tag":"TAIUNI"},{"category":"IT","tag":"PUBUNI"}],[{"category":"IN","tag":"GAZUNI"},{"category":"IT","tag":"PUBUNI"}],[{"category":"IN","tag":"ALMAJAHUNI"},{"category":"IT","tag":"PUBUNI"}],[{"category":"IN","tag":"QASPRICOL"},{"category":"IT","tag":"PRIUNIANDCOL"}],[{"category":"IN","tag":"KINSAUUNI"},{"category":"IT","tag":"PUBUNI"}]]},{"category":"CO","name":"FARDENANDALTRIY","description":"Farabi Dental And Altmrd Riyadh","tags":[[{"category":"IN","tag":"ALFCOL"},{"category":"IT","tag":"PRIUNIANDCOL"}]]},{"category":"CO","name":"RIYDENANDPHA","description":"Riyadh Dental And Pharmacy","tags":[[{"category":"IN","tag":"RIYCOLDENANDPHA"},{"category":"IT","tag":"PRIUNIANDCOL"}]]},{"category":"CO","name":"DENINRIY","description":"Dentistry In Riyadh","tags":[[{"category":"IN","tag":"KINSAUBINABDUNIFORHEASCI"},{"category":"IT","tag":"PUBUNI"}]]},{"category":"CO","name":"DENANDPHA","description":"Dentistry And Pharmacy","tags":[[{"category":"IN","tag":"BURCOL"},{"category":"IT","tag":"PRIUNIANDCOL"}]]},{"category":"CO","name":"DEAPREPRO","description":"Deanship Preparatory Programs","tags":[[{"category":"IN","tag":"IMAMUHIBNSAUISLUNI"},{"category":"IT","tag":"PUBUNI"}]]},{"category":"CO","name":"DESANDARC","description":"Design And Architecture","tags":[[{"category":"IN","tag":"GAZUNI"},{"category":"IT","tag":"PUBUNI"}]]},{"category":"CO","name":"DARALHIKDESANDARC","description":"Dar Al-hikma Design And Architecture","tags":[[{"category":"IN","tag":"DARALHEKCOL"},{"category":"IT","tag":"PRIUNIANDCOL"}]]},{"category":"CO","name":"DESANDHOMECOBUR","description":"Designs And Home Economics Buraidah","tags":[[{"category":"IN","tag":"QASUNI"},{"category":"IT","tag":"PUBUNI"}]]},{"category":"CO","name":"ECOANDADMSCI","description":"Economics And Administrative Sciences","tags":[[{"category":"IN","tag":"IMAMUHIBNSAUISLUNI"},{"category":"IT","tag":"PUBUNI"}]]},{"category":"CO","name":"ECOANDFINISLSCI","description":"Economic And Financial Islamic Sciences","tags":[[{"category":"IN","tag":"UMMALQURUNI"},{"category":"IT","tag":"PUBUNI"}]]},{"category":"CO","name":"ECOANDMAN","description":"Economics And Management","tags":[[{"category":"IN","tag":"KINABDUNI"},{"category":"IT","tag":"PUBUNI"}],[{"category":"IN","tag":"QASUNI"},{"category":"IT","tag":"PUBUNI"}]]},{"category":"CO","name":"ECOSCIMAN","description":"Economy, Science Managerial","tags":[[{"category":"IN","tag":"IMAMUHIBNSAUISLUNI"},{"category":"IT","tag":"PUBUNI"}]]},{"category":"CO","name":"EDU","description":"Education","tags":[[{"category":"IN","tag":"UMMALQURUNI"},{"category":"IT","tag":"PUBUNI"}],[{"category":"IN","tag":"TAIUNI"},{"category":"IT","tag":"PUBUNI"}],[{"category":"IN","tag":"KINABDUNI"},{"category":"IT","tag":"PUBUNI"}],[{"category":"IN","tag":"KINFAIUNI"},{"category":"IT","tag":"PUBUNI"}],[{"category":"IN","tag":"QASUNI"},{"category":"IT","tag":"PUBUNI"}],[{"category":"IN","tag":"GAZUNI"},{"category":"IT","tag":"PUBUNI"}],[{"category":"IN","tag":"UNIHAI"},{"category":"IT","tag":"PUBUNI"}],[{"category":"IN","tag":"ALJAWUNI"},{"category":"IT","tag":"PUBUNI"}],[{"category":"IN","tag":"ALBAHUNI"},{"category":"IT","tag":"PUBUNI"}],[{"category":"IN","tag":"NAJUNI"},{"category":"IT","tag":"PUBUNI"}],[{"category":"IN","tag":"ARAOPEUNI"},{"category":"IT","tag":"PRIUNIANDCOL"}],[{"category":"IN","tag":"KINSAUUNI"},{"category":"IT","tag":"PUBUNI"}],[{"category":"IN","tag":"TAIUNI1"},{"category":"IT","tag":"PUBUNI"}]]},{"category":"CO","name":"EDUBOU","description":"Education Bouaphh","tags":[[{"category":"IN","tag":"KINKHAUNI"},{"category":"IT","tag":"PUBUNI"}]]},{"category":"CO","name":"EDUBHQ","description":"Education Bhqra","tags":[[{"category":"IN","tag":"SHAUNI"},{"category":"IT","tag":"PUBUNI"}]]},{"category":"CO","name":"EDUINALKHA","description":"Education In Al-kharj","tags":[[{"category":"IN","tag":"SALBINABDUNI"},{"category":"IT","tag":"PUBUNI"}]]},{"category":"CO","name":"EDUINDAM","description":"Education In Dammam","tags":[[{"category":"IN","tag":"UNIDAM"},{"category":"IT","tag":"PUBUNI"}]]},{"category":"CO","name":"EDUMAJAH","description":"Education Majma'ah","tags":[[{"category":"IN","tag":"ALMAJAHUNI"},{"category":"IT","tag":"PUBUNI"}]]},{"category":"CO","name":"EDUALD","description":"Education Aldawadmi","tags":[[{"category":"IN","tag":"NORBORUNI"},{"category":"IT","tag":"PUBUNI"}]]},{"category":"CO","name":"DARALHIKEDUANDAPPSCI","description":"Dar Al-hikma Educational And Applied Sciences","tags":[[{"category":"IN","tag":"DARALHEKCOL"},{"category":"IT","tag":"PRIUNIANDCOL"}]]},{"category":"CO","name":"EDUANDARTSOI","description":"Education And Arts Soil","tags":[[{"category":"IN","tag":"TAIUNI1"},{"category":"IT","tag":"PUBUNI"}]]},{"category":"CO","name":"EDUANDART","description":"Education And Arts","tags":[[{"category":"IN","tag":"TABUNI"},{"category":"IT","tag":"PUBUNI"}]]},{"category":"CO","name":"EDUANDARTARA","description":"Education And Arts Arar","tags":[[{"category":"IN","tag":"NORBORUNI"},{"category":"IT","tag":"PUBUNI"}]]},{"category":"CO","name":"EDUFORGIRHUMABH","description":"Education For Girls Humanities Abha","tags":[[{"category":"IN","tag":"KINKHAUNI"},{"category":"IT","tag":"PUBUNI"}]]},{"category":"CO","name":"EDUGRASTU","description":"Educational Graduate Studies","tags":[[{"category":"IN","tag":"KINSAUBINABDUNIFORHEASCI"},{"category":"IT","tag":"PUBUNI"}]]},{"category":"CO","name":"EDUANDSCIBAK","description":"Education And Science Bakhermh","tags":[[{"category":"IN","tag":"TAIUNI1"},{"category":"IT","tag":"PUBUNI"}]]},{"category":"CO","name":"EDUSER","description":"Educational Services","tags":[[{"category":"IN","tag":"UNIHAI"},{"category":"IT","tag":"PUBUNI"}]]},{"category":"CO","name":"ENGJOU","description":"Engineering Jouf","tags":[[{"category":"IN","tag":"UMMALQURUNI"},{"category":"IT","tag":"PUBUNI"}]]},{"category":"CO","name":"ENG","description":"Engineering","tags":[[{"category":"IN","tag":"ISLUNIINMAD"},{"category":"IT","tag":"PUBUNI"}],[{"category":"IN","tag":"KINABDUNI"},{"category":"IT","tag":"PUBUNI"}],[{"category":"IN","tag":"KINFAIUNI"},{"category":"IT","tag":"PUBUNI"}],[{"category":"IN","tag":"KINKHAUNI"},{"category":"IT","tag":"PUBUNI"}],[{"category":"IN","tag":"QASUNI"},{"category":"IT","tag":"PUBUNI"}],[{"category":"IN","tag":"TAIUNI"},{"category":"IT","tag":"PUBUNI"}],[{"category":"IN","tag":"GAZUNI"},{"category":"IT","tag":"PUBUNI"}],[{"category":"IN","tag":"UNIHAI"},{"category":"IT","tag":"PUBUNI"}],[{"category":"IN","tag":"TABUNI"},{"category":"IT","tag":"PUBUNI"}],[{"category":"IN","tag":"ALBAHUNI"},{"category":"IT","tag":"PUBUNI"}],[{"category":"IN","tag":"NORBORUNI"},{"category":"IT","tag":"PUBUNI"}],[{"category":"IN","tag":"ALFAIUNI"},{"category":"IT","tag":"PRIUNIANDCOL"}],[{"category":"IN","tag":"EFFUNI"},{"category":"IT","tag":"PRIUNIANDCOL"}],[{"category":"IN","tag":"FAHBINSULUNI"},{"category":"IT","tag":"PRIUNIANDCOL"}],[{"category":"IN","tag":"BURCOL"},{"category":"IT","tag":"PRIUNIANDCOL"}],[{"category":"IN","tag":"KINSAUUNI"},{"category":"IT","tag":"PUBUNI"}]]},{"category":"CO","name":"ENGSCI","description":"Engineering Sciences","tags":[[{"category":"IN","tag":"KINFAHUNIPETANDMIN"},{"category":"IT","tag":"PUBUNI"}]]},{"category":"CO","name":"ENGALD","description":"Engineering Aldawadmi","tags":[[{"category":"IN","tag":"SHAUNI"},{"category":"IT","tag":"PUBUNI"}]]},{"category":"CO","name":"ENGVALPRO","description":"Engineering Valley Propellants","tags":[[{"category":"IN","tag":"SALBINABDUNI"},{"category":"IT","tag":"PUBUNI"}]]},{"category":"CO","name":"ENGMAJAH","description":"Engineering Majma'ah","tags":[[{"category":"IN","tag":"ALMAJAHUNI"},{"category":"IT","tag":"PUBUNI"}]]},{"category":"CO","name":"ENGANDCOMSCI","description":"Engineering And Computer Science","tags":[[{"category":"IN","tag":"PRIMOHBINFAHUNI"},{"category":"IT","tag":"PRIUNIANDCOL"}]]},{"category":"CO","name":"ENGANDINFTEC","description":"Engineering And Information Technology","tags":[[{"category":"IN","tag":"UNIBUSANDTEC"},{"category":"IT","tag":"PRIUNIANDCOL"}]]},{"category":"CO","name":"ENGLAN","description":"English Language","tags":[[{"category":"IN","tag":"ARAOPEUNI"},{"category":"IT","tag":"PRIUNIANDCOL"}]]},{"category":"CO","name":"ENGLANINS","description":"English Language Institute","tags":[[{"category":"IN","tag":"KINABDUNI"},{"category":"IT","tag":"PUBUNI"}]]},{"category":"CO","name":"ENVDES","description":"Environmental Designs","tags":[[{"category":"IN","tag":"KINABDUNI"},{"category":"IT","tag":"PUBUNI"}],[{"category":"IN","tag":"KINFAHUNIPETANDMIN"},{"category":"IT","tag":"PUBUNI"}]]},{"category":"CO","name":"FAMSCIFORGIR","description":"Family Sciences For Girls","tags":[[{"category":"IN","tag":"TAIUNI"},{"category":"IT","tag":"PUBUNI"}]]},{"category":"CO","name":"FINANDADMSCI","description":"Financial And Administrative Sciences","tags":[[{"category":"IN","tag":"ALBAHUNI"},{"category":"IT","tag":"PUBUNI"}]]},{"category":"CO","name":"BMCHEAFLOCIVANDTEC","description":"Bmc Health Floated Civil And Technology","tags":[[{"category":"IN","tag":"BATMEDCOL"},{"category":"IT","tag":"PRIUNIANDCOL"}]]},{"category":"CO","name":"FOOANDAGRSCI","description":"Food And Agricultural Sciences","tags":[[{"category":"IN","tag":"KINSAUUNI"},{"category":"IT","tag":"PUBUNI"}]]},{"category":"CO","name":"DAWANDFUNREL","description":"Dawa And Fundamentals of Religion","tags":[[{"category":"IN","tag":"UMMALQURUNI"},{"category":"IT","tag":"PUBUNI"}],[{"category":"IN","tag":"ISLUNIINMAD"},{"category":"IT","tag":"PUBUNI"}]]},{"category":"CO","name":"GENADMINS","description":"General Administration Institute","tags":[[{"category":"IN","tag":"INSPUBADM"},{"category":"IT","tag":"OTHINS"}]]},{"category":"CO","name":"GEO","description":"Geology","tags":[[{"category":"IN","tag":"KINABDUNI"},{"category":"IT","tag":"PUBUNI"}]]},{"category":"CO","name":"GRAPRO","description":"Graduate Program","tags":[[{"category":"IN","tag":"PRISULUNI"},{"category":"IT","tag":"PRIUNIANDCOL"}]]},{"category":"CO","name":"THEHADANDISLSTU","description":"The Hadith And Islamic Studies","tags":[[{"category":"IN","tag":"ISLUNIINMAD"},{"category":"IT","tag":"PUBUNI"}]]},{"category":"CO","name":"HEASCI","description":"Health Sciences","tags":[[{"category":"IN","tag":"SAUARAUNIELE"},{"category":"IT","tag":"PUBUNI"}]]},{"category":"CO","name":"PRISULMILHEASCIINDHA","description":"Prince Sultan Military Health Sciences In Dhahran","tags":[[{"category":"IN","tag":"PRISULMILCOLHEASCIDHA"},{"category":"IT","tag":"OTHINS"}]]},{"category":"CO","name":"ALTHEASCI","description":"Altmrd Health Sciences","tags":[[{"category":"IN","tag":"GAZUNI"},{"category":"IT","tag":"PUBUNI"}]]},{"category":"CO","name":"HIGINSIMAANDPRE","description":"Higher Institute of Imams And Preachers","tags":[[{"category":"IN","tag":"TAIUNI"},{"category":"IT","tag":"PUBUNI"}]]},{"category":"CO","name":"HIGINSENJWHAISGOOANDFORWHAISEVI","description":"Higher Institute of Enjoining What Is Good And Forbidding What Is Evil","tags":[[{"category":"IN","tag":"UMMALQURUNI"},{"category":"IT","tag":"PUBUNI"}]]},{"category":"CO","name":"HIGJUDINS","description":"Higher Judicial Institute","tags":[[{"category":"IN","tag":"IMAMUHIBNSAUISLUNI"},{"category":"IT","tag":"PUBUNI"}]]},{"category":"CO","name":"HOMECO","description":"Home Economics","tags":[[{"category":"IN","tag":"TABUNI"},{"category":"IT","tag":"PUBUNI"}],[{"category":"IN","tag":"KINABDUNI"},{"category":"IT","tag":"PUBUNI"}]]},{"category":"CO","name":"HOMECOARA","description":"Home Economics Arar","tags":[[{"category":"IN","tag":"NORBORUNI"},{"category":"IT","tag":"PUBUNI"}]]},{"category":"CO","name":"HOLQURANDISLSTU","description":"Holy Quran And Islamic Studies","tags":[[{"category":"IN","tag":"ISLUNIINMAD"},{"category":"IT","tag":"PUBUNI"}]]},{"category":"CO","name":"HUM","description":"Humanities","tags":[[{"category":"IN","tag":"KINKHAUNI"},{"category":"IT","tag":"PUBUNI"}]]},{"category":"CO","name":"HUMBDHSTU","description":"Humanities Bdharme Studies","tags":[[{"category":"IN","tag":"SHAUNI"},{"category":"IT","tag":"PUBUNI"}]]},{"category":"CO","name":"HUMANDARTCOB","description":"Humanities And Arts (cob)","tags":[[{"category":"IN","tag":"KINABDUNI"},{"category":"IT","tag":"PUBUNI"}]]},{"category":"CO","name":"HUMANDART","description":"Humanities And Arts","tags":[[{"category":"IN","tag":"ALBAHUNI"},{"category":"IT","tag":"PUBUNI"}]]},{"category":"CO","name":"HUMPREYEA","description":"Humanities Preparatory Year","tags":[[{"category":"IN","tag":"KINABDUNI"},{"category":"IT","tag":"PUBUNI"}]]},{"category":"CO","name":"HUMANDSOCSCI","description":"Humanities And Social Sciences","tags":[[{"category":"IN","tag":"EFFUNI"},{"category":"IT","tag":"PRIUNIANDCOL"}]]},{"category":"CO","name":"HUMSTUANDKHAMUS","description":"Humanities Studies And Khamis Mushait","tags":[[{"category":"IN","tag":"SHAUNI"},{"category":"IT","tag":"PUBUNI"}]]},{"category":"CO","name":"HUMMED","description":"Human Medicine","tags":[[{"category":"IN","tag":"QASUNI"},{"category":"IT","tag":"PUBUNI"}],[{"category":"IN","tag":"ALFAIUNI"},{"category":"IT","tag":"PRIUNIANDCOL"}]]},{"category":"CO","name":"INDMAN","description":"Industrial Management","tags":[[{"category":"IN","tag":"KINFAHUNIPETANDMIN"},{"category":"IT","tag":"PUBUNI"}]]},{"category":"CO","name":"INSFORTEAARATONONNATSPE","description":"Institute For Teaching Arabic To Non-native Speakers","tags":[[{"category":"IN","tag":"ISLUNIINMAD"},{"category":"IT","tag":"PUBUNI"}]]},{"category":"CO","name":"INSPUBADMINDAM","description":"Institute of Public Administration In Dammam","tags":[[{"category":"IN","tag":"INSPUBADM"},{"category":"IT","tag":"OTHINS"}]]},{"category":"CO","name":"PRISALINSFORSTUANDADVSER","description":"Prince Salman Institute For Studies And Advisory Services","tags":[[{"category":"IN","tag":"ALMAJAHUNI"},{"category":"IT","tag":"PUBUNI"}]]},{"category":"CO","name":"JUBTECINS","description":"Jubail Technical Institute","tags":[[{"category":"IN","tag":"JUBTECINS"},{"category":"IT","tag":"OTHINS"}]]},{"category":"CO","name":"JUDSTUANDREG","description":"Judicial Studies And Regulations","tags":[[{"category":"IN","tag":"UMMALQURUNI"},{"category":"IT","tag":"PUBUNI"}]]},{"category":"CO","name":"KHAMUSNUR","description":"Khamis Mushayt Nursing","tags":[[{"category":"IN","tag":"KINKHAUNI"},{"category":"IT","tag":"PUBUNI"}]]},{"category":"CO","name":"KNIARTANDSCI","description":"Knights of Arts And Sciences","tags":[[{"category":"IN","tag":"GAZUNI"},{"category":"IT","tag":"PUBUNI"}]]},{"category":"CO","name":"KNOSCIANDTEC","description":"Knowledge of Science And Technology","tags":[[{"category":"IN","tag":"ALMCOLFORSCITEC"},{"category":"IT","tag":"PRIUNIANDCOL"}]]},{"category":"CO","name":"LANANDTRA","description":"Languages ​​and Translation","tags":[[{"category":"IN","tag":"KINKHAUNI"},{"category":"IT","tag":"PUBUNI"}],[{"category":"IN","tag":"IMAMUHIBNSAUISLUNI"},{"category":"IT","tag":"PUBUNI"}],[{"category":"IN","tag":"KINSAUUNI"},{"category":"IT","tag":"PUBUNI"}]]},{"category":"CO","name":"LAWANDPOLSCI","description":"Law And Political Science","tags":[[{"category":"IN","tag":"KINSAUUNI"},{"category":"IT","tag":"PUBUNI"}]]},{"category":"CO","name":"LAWANDREG","description":"Law And Regulations","tags":[[{"category":"IN","tag":"TAIUNI1"},{"category":"IT","tag":"PUBUNI"}],[{"category":"IN","tag":"TABUNI"},{"category":"IT","tag":"PUBUNI"}]]},{"category":"CO","name":"LEAELIFORHEASCI","description":"Leadership Eligibility For Health Sciences","tags":[[{"category":"IN","tag":"ALRIYCOLFORHEASCI"},{"category":"IT","tag":"PRIUNIANDCOL"}]]},{"category":"CO","name":"LIVVETMED","description":"Livestock Veterinary Medicine","tags":[[{"category":"IN","tag":"KINFAIUNI"},{"category":"IT","tag":"PUBUNI"}]]},{"category":"CO","name":"MED","description":"Medicine","tags":[[{"category":"IN","tag":"KINABDUNI"},{"category":"IT","tag":"PUBUNI"}],[{"category":"IN","tag":"KINKHAUNI"},{"category":"IT","tag":"PUBUNI"}],[{"category":"IN","tag":"GAZUNI"},{"category":"IT","tag":"PUBUNI"}],[{"category":"IN","tag":"UNIHAI"},{"category":"IT","tag":"PUBUNI"}],[{"category":"IN","tag":"TABUNI"},{"category":"IT","tag":"PUBUNI"}],[{"category":"IN","tag":"ALBAHUNI"},{"category":"IT","tag":"PUBUNI"}],[{"category":"IN","tag":"NORBORUNI"},{"category":"IT","tag":"PUBUNI"}],[{"category":"IN","tag":"DARALULOUNI"},{"category":"IT","tag":"PRIUNIANDCOL"}],[{"category":"IN","tag":"KINSAUUNI"},{"category":"IT","tag":"PUBUNI"}]]},{"category":"CO","name":"MEDRIY","description":"Medicine Riyadh","tags":[[{"category":"IN","tag":"KINSAUBINABDUNIFORHEASCI"},{"category":"IT","tag":"PUBUNI"}]]},{"category":"CO","name":"MEDBHQ","description":"Medicine Bhqra","tags":[[{"category":"IN","tag":"SHAUNI"},{"category":"IT","tag":"PUBUNI"}]]},{"category":"CO","name":"MEDMAJAH","description":"Medicine Majma'ah","tags":[[{"category":"IN","tag":"ALMAJAHUNI"},{"category":"IT","tag":"PUBUNI"}]]},{"category":"CO","name":"MEDDAM","description":"Medicine Dammam","tags":[[{"category":"IN","tag":"UNIDAM"},{"category":"IT","tag":"PUBUNI"}]]},{"category":"CO","name":"MOHINHELIFORMEDSCI","description":"Mohammed Inhibitor Eligibility For Medical Sciences","tags":[[{"category":"IN","tag":"MOHALMCOLHEASCI"},{"category":"IT","tag":"PRIUNIANDCOL"}]]},{"category":"CO","name":"METENVANDARILANAGR","description":"Meteorology, Environment And Arid Land Agriculture","tags":[[{"category":"IN","tag":"KINABDUNI"},{"category":"IT","tag":"PUBUNI"}]]},{"category":"CO","name":"NUR","description":"Nursing","tags":[[{"category":"IN","tag":"NAJUNI"},{"category":"IT","tag":"PUBUNI"}],[{"category":"IN","tag":"KINABDUNI"},{"category":"IT","tag":"PUBUNI"}],[{"category":"IN","tag":"KINKHAUNI"},{"category":"IT","tag":"PUBUNI"}],[{"category":"IN","tag":"QASUNI"},{"category":"IT","tag":"PUBUNI"}],[{"category":"IN","tag":"TAIUNI"},{"category":"IT","tag":"PUBUNI"}],[{"category":"IN","tag":"UNIHAI"},{"category":"IT","tag":"PUBUNI"}],[{"category":"IN","tag":"KINSAUUNI"},{"category":"IT","tag":"PUBUNI"}],[{"category":"IN","tag":"UNIDAM"},{"category":"IT","tag":"PUBUNI"}]]},{"category":"CO","name":"NURINRIY","description":"Nursing In Riyadh","tags":[[{"category":"IN","tag":"KINSAUBINABDUNIFORHEASCI"},{"category":"IT","tag":"PUBUNI"}]]},{"category":"CO","name":"NURFORGIRARA","description":"Nursing For Girls Arar","tags":[[{"category":"IN","tag":"NORBORUNI"},{"category":"IT","tag":"PUBUNI"}]]},{"category":"CO","name":"SAAELIFORNURANDHEASCI","description":"Saad Eligibility For Nursing And Health Sciences","tags":[[{"category":"IN","tag":"SAACOLNURALLHEASCI"},{"category":"IT","tag":"PRIUNIANDCOL"}]]},{"category":"CO","name":"DRSULFAQNURANDMEDSCI","description":"Dr. Suleiman Faqih Nursing And Medical Science","tags":[[{"category":"IN","tag":"DRSOLFAKCOLMEDSCI"},{"category":"IT","tag":"PRIUNIANDCOL"}]]},{"category":"CO","name":"PHA","description":"Pharmacy","tags":[[{"category":"IN","tag":"KINKHAUNI"},{"category":"IT","tag":"PUBUNI"}],[{"category":"IN","tag":"QASUNI"},{"category":"IT","tag":"PUBUNI"}],[{"category":"IN","tag":"GAZUNI"},{"category":"IT","tag":"PUBUNI"}],[{"category":"IN","tag":"TABUNI"},{"category":"IT","tag":"PUBUNI"}],[{"category":"IN","tag":"NORBORUNI"},{"category":"IT","tag":"PUBUNI"}],[{"category":"IN","tag":"KINSAUUNI"},{"category":"IT","tag":"PUBUNI"}],[{"category":"IN","tag":"KINABDUNI"},{"category":"IT","tag":"PUBUNI"}]]},{"category":"CO","name":"PHAALD","description":"Pharmacy Aldawadmi","tags":[[{"category":"IN","tag":"SHAUNI"},{"category":"IT","tag":"PUBUNI"}]]},{"category":"CO","name":"PHAINALKHA","description":"Pharmacy In Al-kharj","tags":[[{"category":"IN","tag":"SALBINABDUNI"},{"category":"IT","tag":"PUBUNI"}]]},{"category":"CO","name":"PUBADMINSINJED","description":"Public Administration Institute In Jeddah","tags":[[{"category":"IN","tag":"INSPUBADM"},{"category":"IT","tag":"OTHINS"}]]},{"category":"CO","name":"PUBHEA","description":"Public Health","tags":[[{"category":"IN","tag":"UNIHAI"},{"category":"IT","tag":"PUBUNI"}]]},{"category":"CO","name":"PUBHEAANDHEAINFINRIY","description":"Public Health And Health Informatics In Riyadh","tags":[[{"category":"IN","tag":"KINSAUBINABDUNIFORHEASCI"},{"category":"IT","tag":"PUBUNI"}]]},{"category":"CO","name":"PUBHEAANDTROMED","description":"Public Health And Tropical Medicine","tags":[[{"category":"IN","tag":"GAZUNI"},{"category":"IT","tag":"PUBUNI"}]]},{"category":"CO","name":"PY","description":"Py","tags":[[{"category":"IN","tag":"UMMALQURUNI"},{"category":"IT","tag":"PUBUNI"}],[{"category":"IN","tag":"ISLUNIINMAD"},{"category":"IT","tag":"PUBUNI"}],[{"category":"IN","tag":"KINFAIUNI"},{"category":"IT","tag":"PUBUNI"}],[{"category":"IN","tag":"TAIUNI1"},{"category":"IT","tag":"PUBUNI"}],[{"category":"IN","tag":"ALJAWUNI"},{"category":"IT","tag":"PUBUNI"}],[{"category":"IN","tag":"NAJUNI"},{"category":"IT","tag":"PUBUNI"}],[{"category":"IN","tag":"PRINOUBINABDRAHUNI"},{"category":"IT","tag":"PUBUNI"}],[{"category":"IN","tag":"UNIDAM"},{"category":"IT","tag":"PUBUNI"}],[{"category":"IN","tag":"PRISULUNI"},{"category":"IT","tag":"PRIUNIANDCOL"}]]},{"category":"CO","name":"PREYEAPRO","description":"Preparatory Year Program","tags":[[{"category":"IN","tag":"KINSAUUNI"},{"category":"IT","tag":"PUBUNI"}],[{"category":"IN","tag":"DARALHEKCOL"},{"category":"IT","tag":"PRIUNIANDCOL"}]]},{"category":"CO","name":"PREYEAINRAB","description":"Preparatory Year In Rabigh","tags":[[{"category":"IN","tag":"KINABDUNI"},{"category":"IT","tag":"PUBUNI"}]]},{"category":"CO","name":"PREYEAHAFALBAT","description":"Preparatory Year Hafr Al-batin","tags":[[{"category":"IN","tag":"KINFAHUNIPETANDMIN"},{"category":"IT","tag":"PUBUNI"}]]},{"category":"CO","name":"THEPREYEAINRIY","description":"The Preparatory Year In Riyadh","tags":[[{"category":"IN","tag":"KINSAUBINABDUNIFORHEASCI"},{"category":"IT","tag":"PUBUNI"}]]},{"category":"CO","name":"PREYEA","description":"Preparatory Year","tags":[[{"category":"IN","tag":"SULALRAJCOL"},{"category":"IT","tag":"PRIUNIANDCOL"}]]},{"category":"CO","name":"PYSECCOLANDINSINYAN","description":"Py Sector Colleges And Institutes In Yanbu *","tags":[[{"category":"IN","tag":"YANEDUSEC"},{"category":"IT","tag":"OTHINS"}]]},{"category":"CO","name":"RELBAS","description":"Religion Basics","tags":[[{"category":"IN","tag":"IMAMUHIBNSAUISLUNI"},{"category":"IT","tag":"PUBUNI"}]]},{"category":"CO","name":"RIG","description":"Rights","tags":[[{"category":"IN","tag":"KINFAIUNI"},{"category":"IT","tag":"PUBUNI"}],[{"category":"IN","tag":"TAIUNI"},{"category":"IT","tag":"PUBUNI"}],[{"category":"IN","tag":"DARALULOUNI"},{"category":"IT","tag":"PRIUNIANDCOL"}],[{"category":"IN","tag":"KINABDUNI"},{"category":"IT","tag":"PUBUNI"}]]},{"category":"CO","name":"SCI","description":"Science","tags":[[{"category":"IN","tag":"ISLUNIINMAD"},{"category":"IT","tag":"PUBUNI"}],[{"category":"IN","tag":"IMAMUHIBNSAUISLUNI"},{"category":"IT","tag":"PUBUNI"}],[{"category":"IN","tag":"KINABDUNI"},{"category":"IT","tag":"PUBUNI"}],[{"category":"IN","tag":"KINFAHUNIPETANDMIN"},{"category":"IT","tag":"PUBUNI"}],[{"category":"IN","tag":"KINFAIUNI"},{"category":"IT","tag":"PUBUNI"}],[{"category":"IN","tag":"KINKHAUNI"},{"category":"IT","tag":"PUBUNI"}],[{"category":"IN","tag":"QASUNI"},{"category":"IT","tag":"PUBUNI"}],[{"category":"IN","tag":"TAIUNI"},{"category":"IT","tag":"PUBUNI"}],[{"category":"IN","tag":"GAZUNI"},{"category":"IT","tag":"PUBUNI"}],[{"category":"IN","tag":"UNIHAI"},{"category":"IT","tag":"PUBUNI"}],[{"category":"IN","tag":"ALJAWUNI"},{"category":"IT","tag":"PUBUNI"}],[{"category":"IN","tag":"TABUNI"},{"category":"IT","tag":"PUBUNI"}],[{"category":"IN","tag":"ALBAHUNI"},{"category":"IT","tag":"PUBUNI"}],[{"category":"IN","tag":"NORBORUNI"},{"category":"IT","tag":"PUBUNI"}],[{"category":"IN","tag":"KINSAUUNI"},{"category":"IT","tag":"PUBUNI"}],[{"category":"IN","tag":"TAIUNI1"},{"category":"IT","tag":"PUBUNI"}]]},{"category":"CO","name":"SCIDAM","description":"Science Dammam","tags":[[{"category":"IN","tag":"UNIDAM"},{"category":"IT","tag":"PUBUNI"}]]},{"category":"CO","name":"SCIZUL","description":"Science Zulfi","tags":[[{"category":"IN","tag":"ALMAJAHUNI"},{"category":"IT","tag":"PUBUNI"}]]},{"category":"CO","name":"SCIANDALAGIRBMHASI","description":"Science And Alaab Girls Bmhaal Asir","tags":[[{"category":"IN","tag":"KINKHAUNI"},{"category":"IT","tag":"PUBUNI"}]]},{"category":"CO","name":"SCIANDARTINRAB","description":"Science And Arts In Rabigh","tags":[[{"category":"IN","tag":"KINABDUNI"},{"category":"IT","tag":"PUBUNI"}]]},{"category":"CO","name":"SCIANDARTBOU","description":"Science And Arts Bouaphh","tags":[[{"category":"IN","tag":"KINKHAUNI"},{"category":"IT","tag":"PUBUNI"}]]},{"category":"CO","name":"SCIANDARTBNI","description":"Science And Arts Bnizp","tags":[[{"category":"IN","tag":"QASUNI"},{"category":"IT","tag":"PUBUNI"}]]},{"category":"CO","name":"SCIANDARTOLA","description":"Science And Arts Ola","tags":[[{"category":"IN","tag":"TAIUNI"},{"category":"IT","tag":"PUBUNI"}]]},{"category":"CO","name":"SCIARTBER","description":"Sciences Arts Bernih","tags":[[{"category":"IN","tag":"TAIUNI1"},{"category":"IT","tag":"PUBUNI"}]]},{"category":"CO","name":"SCIANDARTSAM","description":"Science And Arts Samtah","tags":[[{"category":"IN","tag":"GAZUNI"},{"category":"IT","tag":"PUBUNI"}]]},{"category":"CO","name":"SCIANDARTQUR","description":"Science And Arts Qurayat","tags":[[{"category":"IN","tag":"ALJAWUNI"},{"category":"IT","tag":"PUBUNI"}]]},{"category":"CO","name":"SCIANDARTMAK","description":"Science And Arts Makhwah","tags":[[{"category":"IN","tag":"ALBAHUNI"},{"category":"IT","tag":"PUBUNI"}]]},{"category":"CO","name":"SCIANDARTBHR","description":"Science And Arts Bhrorh","tags":[[{"category":"IN","tag":"NAJUNI"},{"category":"IT","tag":"PUBUNI"}]]},{"category":"CO","name":"SCIANDARTPAR","description":"Science And Arts Parvha","tags":[[{"category":"IN","tag":"NORBORUNI"},{"category":"IT","tag":"PUBUNI"}]]},{"category":"CO","name":"SCIANDARTBHQ","description":"Science And Arts Bhqra","tags":[[{"category":"IN","tag":"SHAUNI"},{"category":"IT","tag":"PUBUNI"}]]},{"category":"CO","name":"SCIANDARTNOARYY","description":"Science And Arts -noa'ryya","tags":[[{"category":"IN","tag":"UNIDAM"},{"category":"IT","tag":"PUBUNI"}]]},{"category":"CO","name":"SCIANDARTHUM","description":"Science And Arts & Humanities","tags":[[{"category":"IN","tag":"KINABDUNI"},{"category":"IT","tag":"PUBUNI"}]]},{"category":"CO","name":"SCIANDCOMENG","description":"Science And Computer Engineering","tags":[[{"category":"IN","tag":"KINFAHUNIPETANDMIN"},{"category":"IT","tag":"PUBUNI"}],[{"category":"IN","tag":"TAIUNI"},{"category":"IT","tag":"PUBUNI"}],[{"category":"IN","tag":"UNIHAI"},{"category":"IT","tag":"PUBUNI"}]]},{"category":"CO","name":"SCIANDGENSTU","description":"Science And General Studies","tags":[[{"category":"IN","tag":"ALFAIUNI"},{"category":"IT","tag":"PRIUNIANDCOL"}]]},{"category":"CO","name":"SCIANDHOMECOFORGIRBOU","description":"Science And Home Economics For Girls Bouaphh","tags":[[{"category":"IN","tag":"KINKHAUNI"},{"category":"IT","tag":"PUBUNI"}]]},{"category":"CO","name":"SCIANDHUMALD","description":"Science And Humanities Aldawadmi","tags":[[{"category":"IN","tag":"SHAUNI"},{"category":"IT","tag":"PUBUNI"}]]},{"category":"CO","name":"SCIANDHUMAFL","description":"Science And Humanities Aflaj","tags":[[{"category":"IN","tag":"SALBINABDUNI"},{"category":"IT","tag":"PUBUNI"}]]},{"category":"CO","name":"SCIANDHUMGHA","description":"Science And Humanities Ghat","tags":[[{"category":"IN","tag":"ALMAJAHUNI"},{"category":"IT","tag":"PUBUNI"}]]},{"category":"CO","name":"SCIANDHUMSTUBAS","description":"Science And Human Studies Basulail","tags":[[{"category":"IN","tag":"SALBINABDUNI"},{"category":"IT","tag":"PUBUNI"}]]},{"category":"CO","name":"SCIANDSTUBUT","description":"Science And Studies Butadeg","tags":[[{"category":"IN","tag":"SHAUNI"},{"category":"IT","tag":"PUBUNI"}]]},{"category":"CO","name":"SEASCI","description":"Sea ​​science","tags":[[{"category":"IN","tag":"KINABDUNI"},{"category":"IT","tag":"PUBUNI"}]]},{"category":"CO","name":"SHA","description":"Sharia","tags":[[{"category":"IN","tag":"ISLUNIINMAD"},{"category":"IT","tag":"PUBUNI"}],[{"category":"IN","tag":"IMAMUHIBNSAUISLUNI"},{"category":"IT","tag":"PUBUNI"}]]},{"category":"CO","name":"SHAANDFUNREL","description":"Sharia And Fundamentals of Religion","tags":[[{"category":"IN","tag":"KINKHAUNI"},{"category":"IT","tag":"PUBUNI"}],[{"category":"IN","tag":"NAJUNI"},{"category":"IT","tag":"PUBUNI"}]]},{"category":"CO","name":"SHAANDISLSTUAHS","description":"Sharia And Islamic Studies Ahsa","tags":[[{"category":"IN","tag":"IMAMUHIBNSAUISLUNI"},{"category":"IT","tag":"PUBUNI"}]]},{"category":"CO","name":"SHAANDISLSTU","description":"Sharia And Islamic Studies","tags":[[{"category":"IN","tag":"UMMALQURUNI"},{"category":"IT","tag":"PUBUNI"}],[{"category":"IN","tag":"QASUNI"},{"category":"IT","tag":"PUBUNI"}]]},{"category":"CO","name":"SHALAWINJIZ","description":"Sharia Law In Jizan","tags":[[{"category":"IN","tag":"GAZUNI"},{"category":"IT","tag":"PUBUNI"}]]},{"category":"CO","name":"SHALAWSKA","description":"Sharia Law Skaska","tags":[[{"category":"IN","tag":"ALJAWUNI"},{"category":"IT","tag":"PUBUNI"}]]},{"category":"CO","name":"AFLSOCREH","description":"Aflaj Society (rehabilitation)","tags":[[{"category":"IN","tag":"SALBINABDUNI"},{"category":"IT","tag":"PUBUNI"}]]},{"category":"CO","name":"SOCCRA","description":"Society Cradle","tags":[[{"category":"IN","tag":"TAIUNI"},{"category":"IT","tag":"PUBUNI"}]]},{"category":"CO","name":"ALKHASOCREH","description":"Al-kharj Society (rehabilitation)","tags":[[{"category":"IN","tag":"SALBINABDUNI"},{"category":"IT","tag":"PUBUNI"}]]},{"category":"CO","name":"SOCFORGIRABH","description":"Society For Girls Abha","tags":[[{"category":"IN","tag":"KINKHAUNI"},{"category":"IT","tag":"PUBUNI"}]]},{"category":"CO","name":"SOCINMAK","description":"Society In Makkah","tags":[[{"category":"IN","tag":"UMMALQURUNI"},{"category":"IT","tag":"PUBUNI"}]]},{"category":"CO","name":"BURSOCTRA","description":"Buraidah Society - Transitional","tags":[[{"category":"IN","tag":"QASUNI"},{"category":"IT","tag":"PUBUNI"}]]},{"category":"CO","name":"COCSCI","description":"Cocial Science","tags":[[{"category":"IN","tag":"UMMALQURUNI"},{"category":"IT","tag":"PUBUNI"}],[{"category":"IN","tag":"IMAMUHIBNSAUISLUNI"},{"category":"IT","tag":"PUBUNI"}]]},{"category":"CO","name":"SPOANDPHYACTSCI","description":"Sport And Physical Activity Sciences","tags":[[{"category":"IN","tag":"KINSAUUNI"},{"category":"IT","tag":"PUBUNI"}]]},{"category":"CO","name":"TECMAK","description":"Technical Makkah","tags":[[{"category":"IN","tag":"TECANDVOCTRACOR"},{"category":"IT","tag":"OTHINS"}]]},{"category":"CO","name":"AHSCOLTEC","description":"Ahsa College of Technology","tags":[[{"category":"IN","tag":"TECANDVOCTRACOR"},{"category":"IT","tag":"OTHINS"}]]},{"category":"CO","name":"JEDCOLTEC2","description":"Jeddah College of Technology 2","tags":[[{"category":"IN","tag":"TECANDVOCTRACOR"},{"category":"IT","tag":"OTHINS"}]]},{"category":"CO","name":"TECFORFOOANDENVBUR","description":"Technical For Food And the Environment Buraidah","tags":[[{"category":"IN","tag":"TECANDVOCTRACOR"},{"category":"IT","tag":"OTHINS"}]]},{"category":"CO","name":"TOT","description":"Total","tags":[[{"category":"IN","tag":"UMMALQURUNI"},{"category":"IT","tag":"PUBUNI"}],[{"category":"IN","tag":"ISLUNIINMAD"},{"category":"IT","tag":"PUBUNI"}],[{"category":"IN","tag":"IMAMUHIBNSAUISLUNI"},{"category":"IT","tag":"PUBUNI"}],[{"category":"IN","tag":"KINSAUUNI"},{"category":"IT","tag":"PUBUNI"}],[{"category":"IN","tag":"KINABDUNI"},{"category":"IT","tag":"PUBUNI"}],[{"category":"IN","tag":"KINFAHUNIPETANDMIN"},{"category":"IT","tag":"PUBUNI"}],[{"category":"IN","tag":"KINFAIUNI"},{"category":"IT","tag":"PUBUNI"}],[{"category":"IN","tag":"KINKHAUNI"},{"category":"IT","tag":"PUBUNI"}],[{"category":"IN","tag":"QASUNI"},{"category":"IT","tag":"PUBUNI"}],[{"category":"IN","tag":"TAIUNI"},{"category":"IT","tag":"PUBUNI"}],[{"category":"IN","tag":"GAZUNI"},{"category":"IT","tag":"PUBUNI"}],[{"category":"IN","tag":"UNIHAI"},{"category":"IT","tag":"PUBUNI"}],[{"category":"IN","tag":"ALJAWUNI"},{"category":"IT","tag":"PUBUNI"}],[{"category":"IN","tag":"TABUNI"},{"category":"IT","tag":"PUBUNI"}],[{"category":"IN","tag":"ALBAHUNI"},{"category":"IT","tag":"PUBUNI"}],[{"category":"IN","tag":"NAJUNI"},{"category":"IT","tag":"PUBUNI"}],[{"category":"IN","tag":"PRINOUBINABDRAHUNI"},{"category":"IT","tag":"PUBUNI"}],[{"category":"IN","tag":"NORBORUNI"},{"category":"IT","tag":"PUBUNI"}],[{"category":"IN","tag":"SHAUNI"},{"category":"IT","tag":"PUBUNI"}],[{"category":"IN","tag":"SALBINABDUNI"},{"category":"IT","tag":"PUBUNI"}],[{"category":"IN","tag":"UNIDAM"},{"category":"IT","tag":"PUBUNI"}],[{"category":"IN","tag":"ALMAJAHUNI"},{"category":"IT","tag":"PUBUNI"}],[{"category":"IN","tag":"TOTPUBUNI"},{"category":"IT","tag":"PUBUNI"}],[{"category":"IN","tag":"JUBINDCOL"},{"category":"IT","tag":"OTHINS"}],[{"category":"IN","tag":"YANEDUSEC"},{"category":"IT","tag":"OTHINS"}],[{"category":"IN","tag":"INSPUBADM"},{"category":"IT","tag":"OTHINS"}],[{"category":"IN","tag":"PRISULMILCOLHEASCIDHA"},{"category":"IT","tag":"OTHINS"}],[{"category":"IN","tag":"JUBTECINS"},{"category":"IT","tag":"OTHINS"}],[{"category":"IN","tag":"TECANDVOCTRACOR"},{"category":"IT","tag":"OTHINS"}],[{"category":"IN","tag":"TAIUNI1"},{"category":"IT","tag":"PUBUNI"}],[{"category":"IN","tag":"KINSAUBINABDUNIFORHEASCI"},{"category":"IT","tag":"PUBUNI"}],[{"category":"IN","tag":"SAUARAUNIELE"},{"category":"IT","tag":"PUBUNI"}],[{"category":"IN","tag":"PRISULUNI"},{"category":"IT","tag":"PRIUNIANDCOL"}],[{"category":"IN","tag":"ARAOPEUNI"},{"category":"IT","tag":"PRIUNIANDCOL"}],[{"category":"IN","tag":"PRIMOHBINFAHUNI"},{"category":"IT","tag":"PRIUNIANDCOL"}],[{"category":"IN","tag":"ALFAIUNI"},{"category":"IT","tag":"PRIUNIANDCOL"}],[{"category":"IN","tag":"ALYAMUNI"},{"category":"IT","tag":"PRIUNIANDCOL"}],[{"category":"IN","tag":"EFFUNI"},{"category":"IT","tag":"PRIUNIANDCOL"}],[{"category":"IN","tag":"DARALULOUNI"},{"category":"IT","tag":"PRIUNIANDCOL"}],[{"category":"IN","tag":"FAHBINSULUNI"},{"category":"IT","tag":"PRIUNIANDCOL"}],[{"category":"IN","tag":"QASPRICOL"},{"category":"IT","tag":"PRIUNIANDCOL"}],[{"category":"IN","tag":"DARALHEKCOL"},{"category":"IT","tag":"PRIUNIANDCOL"}],[{"category":"IN","tag":"IBNRUSCOLADMSCI"},{"category":"IT","tag":"PRIUNIANDCOL"}],[{"category":"IN","tag":"BAHPRICOLSCI"},{"category":"IT","tag":"PRIUNIANDCOL"}],[{"category":"IN","tag":"UNIBUSANDTEC"},{"category":"IT","tag":"PRIUNIANDCOL"}],[{"category":"IN","tag":"RIYCOLDENANDPHA"},{"category":"IT","tag":"PRIUNIANDCOL"}],[{"category":"IN","tag":"IBNSINPRICOLMEDSCI"},{"category":"IT","tag":"PRIUNIANDCOL"}],[{"category":"IN","tag":"PRISOLCOLFORTOUANDBUSINJED"},{"category":"IT","tag":"PRIUNIANDCOL"}],[{"category":"IN","tag":"BATMEDCOL"},{"category":"IT","tag":"PRIUNIANDCOL"}],[{"category":"IN","tag":"SAACOLNURALLHEASCI"},{"category":"IT","tag":"PRIUNIANDCOL"}],[{"category":"IN","tag":"ALRIYCOLFORHEASCI"},{"category":"IT","tag":"PRIUNIANDCOL"}],[{"category":"IN","tag":"ALMCOLFORSCITEC"},{"category":"IT","tag":"PRIUNIANDCOL"}],[{"category":"IN","tag":"BURCOL"},{"category":"IT","tag":"PRIUNIANDCOL"}],[{"category":"IN","tag":"MOHALMCOLHEASCI"},{"category":"IT","tag":"PRIUNIANDCOL"}],[{"category":"IN","tag":"ALFCOL"},{"category":"IT","tag":"PRIUNIANDCOL"}],[{"category":"IN","tag":"ALGHAINTCOLFORHEASCI"},{"category":"IT","tag":"PRIUNIANDCOL"}],[{"category":"IN","tag":"SULALRAJCOL"},{"category":"IT","tag":"PRIUNIANDCOL"}],[{"category":"IN","tag":"INAMEDCOL"},{"category":"IT","tag":"PRIUNIANDCOL"}],[{"category":"IN","tag":"JUBUNICOL"},{"category":"IT","tag":"ALLINSTYP"}],[{"category":"IN","tag":"TOT"},{"category":"IT","tag":"ALLINSTYP"}],[{"category":"IN","tag":"TOTPRIUNIANDCOL"},{"category":"IT","tag":"PRIUNIANDCOL"}],[{"category":"IN","tag":"TOTOTHINSHIGEDU"},{"category":"IT","tag":"OTHINS"}],[{"category":"IN","tag":"PRISULCOLFORTOUANDMANINABH"},{"category":"IT","tag":"PRIUNIANDCOL"}],[{"category":"IN","tag":"ARAEASCOL"},{"category":"IT","tag":"PRIUNIANDCOL"}]]},{"category":"CO","name":"PRISULFORTOUANDADMINJED","description":"Prince Sultan For Tourism And Administration In Jeddah","tags":[[{"category":"IN","tag":"PRISOLCOLFORTOUANDBUSINJED"},{"category":"IT","tag":"PRIUNIANDCOL"}],[{"category":"IN","tag":"PRISULCOLFORTOUANDMANINABH"},{"category":"IT","tag":"PRIUNIANDCOL"}]]},{"category":"CO","name":"TOUANDANT","description":"Tourism And Antiquities","tags":[[{"category":"IN","tag":"KINSAUUNI"},{"category":"IT","tag":"PUBUNI"}]]},{"category":"CO","name":"TOUANDHOSMED","description":"Tourism And Hospitality Medina","tags":[[{"category":"IN","tag":"TECANDVOCTRACOR"},{"category":"IT","tag":"OTHINS"}]]},{"category":"CO","name":"UNICENFORCOMSERANDCONEDU","description":"University Center For Community Service And Continuing Education","tags":[[{"category":"IN","tag":"IMAMUHIBNSAUISLUNI"},{"category":"IT","tag":"PUBUNI"}]]},{"category":"CO","name":"UNIPROFORCOLENGANDSCI","description":"Unified Program For Colleges of Engineering And Scientific","tags":[[{"category":"IN","tag":"SALBINABDUNI"},{"category":"IT","tag":"PUBUNI"}]]},{"category":"CO","name":"UNISET","description":"University Setup","tags":[[{"category":"IN","tag":"ALFAIUNI"},{"category":"IT","tag":"PRIUNIANDCOL"}]]},{"category":"CO","name":"VETMEDANDANIRES","description":"Veterinary Medicine And Animal Resources","tags":[[{"category":"IN","tag":"KINFAIUNI"},{"category":"IT","tag":"PUBUNI"}]]}]