[{"category":"IN","name":"UMMALQURUNI","description":"Umm Al-qura University","tags":[[{"category":"IT","tag":"PUBUNI"}]]},{"category":"IN","name":"ISLUNIINMAD","description":"Islamic University In Madinah","tags":[[{"category":"IT","tag":"PUBUNI"}]]},{"category":"IN","name":"IMAMUHIBNSAUISLUNI","description":"Imam Muhammad Ibn Saud Islamic University","tags":[[{"category":"IT","tag":"PUBUNI"}]]},{"category":"IN","name":"KINSAUUNI","description":"King Saud University","tags":[[{"category":"IT","tag":"PUBUNI"}]]},{"category":"IN","name":"KINABDUNI","description":"King Abdulaziz University","tags":[[{"category":"IT","tag":"PUBUNI"}]]},{"category":"IN","name":"KINFAHUNIPETANDMIN","description":"King Fahd University of Petroleum And Minerals","tags":[[{"category":"IT","tag":"PUBUNI"}]]},{"category":"IN","name":"KINFAIUNI","description":"King Faisal University","tags":[[{"category":"IT","tag":"PUBUNI"}]]},{"category":"IN","name":"KINKHAUNI","description":"King Khalid University","tags":[[{"category":"IT","tag":"PUBUNI"}]]},{"category":"IN","name":"QASUNI","description":"Qassim University","tags":[[{"category":"IT","tag":"PUBUNI"}]]},{"category":"IN","name":"TAIUNI","description":"Taibah University","tags":[[{"category":"IT","tag":"PUBUNI"}]]},{"category":"IN","name":"TAIUNI1","description":"Taif University","tags":[[{"category":"IT","tag":"PUBUNI"}]]},{"category":"IN","name":"KINSAUBINABDUNIFORHEASCI","description":"King Saud Bin Abdulaziz University For Health Sciences","tags":[[{"category":"IT","tag":"PUBUNI"}]]},{"category":"IN","name":"GAZUNI","description":"Gazan University","tags":[[{"category":"IT","tag":"PUBUNI"}]]},{"category":"IN","name":"UNIHAI","description":"University of Hail","tags":[[{"category":"IT","tag":"PUBUNI"}]]},{"category":"IN","name":"ALJAWUNI","description":"Al Jawf University","tags":[[{"category":"IT","tag":"PUBUNI"}]]},{"category":"IN","name":"TABUNI","description":"Tabuk University","tags":[[{"category":"IT","tag":"PUBUNI"}]]},{"category":"IN","name":"ALBAHUNI","description":"Al Baha University","tags":[[{"category":"IT","tag":"PUBUNI"}]]},{"category":"IN","name":"NAJUNI","description":"Najran University","tags":[[{"category":"IT","tag":"PUBUNI"}]]},{"category":"IN","name":"PRINOUBINABDRAHUNI","description":"Princess Noura Bint Abdul Rahman University","tags":[[{"category":"IT","tag":"PUBUNI"}]]},{"category":"IN","name":"NORBORUNI","description":"Northern Border University","tags":[[{"category":"IT","tag":"PUBUNI"}]]},{"category":"IN","name":"SHAUNI","description":"Shaqra University","tags":[[{"category":"IT","tag":"PUBUNI"}]]},{"category":"IN","name":"SALBINABDUNI","description":"Salman Bin Abdulaziz University","tags":[[{"category":"IT","tag":"PUBUNI"}]]},{"category":"IN","name":"UNIDAM","description":"University of Dammam","tags":[[{"category":"IT","tag":"PUBUNI"}]]},{"category":"IN","name":"ALMAJAHUNI","description":"Al Majma'ah University","tags":[[{"category":"IT","tag":"PUBUNI"}]]},{"category":"IN","name":"SAUARAUNIELE","description":"Saudi Arabia University of Electronic","tags":[[{"category":"IT","tag":"PUBUNI"}]]},{"category":"IN","name":"TOTPUBUNI","description":"Total Public Universities","tags":[[{"category":"IT","tag":"PUBUNI"}]]},{"category":"IN","name":"PRISULUNI","description":"Prince Sultan University","tags":[[{"category":"IT","tag":"PRIUNIANDCOL"}]]},{"category":"IN","name":"ARAOPEUNI","description":"Arabic Open University","tags":[[{"category":"IT","tag":"PRIUNIANDCOL"}]]},{"category":"IN","name":"PRIMOHBINFAHUNI","description":"Prince Mohammed Bin Fahd University","tags":[[{"category":"IT","tag":"PRIUNIANDCOL"}]]},{"category":"IN","name":"ALFAIUNI","description":"Al Faisal University","tags":[[{"category":"IT","tag":"PRIUNIANDCOL"}]]},{"category":"IN","name":"ALYAMUNI","description":"Al Yamamah University","tags":[[{"category":"IT","tag":"PRIUNIANDCOL"}]]},{"category":"IN","name":"EFFUNI","description":"Effat University","tags":[[{"category":"IT","tag":"PRIUNIANDCOL"}]]},{"category":"IN","name":"DARALULOUNI","description":"Dar Al Uloom University","tags":[[{"category":"IT","tag":"PRIUNIANDCOL"}]]},{"category":"IN","name":"FAHBINSULUNI","description":"Fahad Bin Sultan University","tags":[[{"category":"IT","tag":"PRIUNIANDCOL"}]]},{"category":"IN","name":"QASPRICOL","description":"Qassim Private College","tags":[[{"category":"IT","tag":"PRIUNIANDCOL"}]]},{"category":"IN","name":"DARALHEKCOL","description":"Dar Al-hekma College","tags":[[{"category":"IT","tag":"PRIUNIANDCOL"}]]},{"category":"IN","name":"IBNRUSCOLADMSCI","description":"Ibn Rushd College of Administrative Sciences","tags":[[{"category":"IT","tag":"PRIUNIANDCOL"}]]},{"category":"IN","name":"BAHPRICOLSCI","description":"Baha Private College of Sciences","tags":[[{"category":"IT","tag":"PRIUNIANDCOL"}]]},{"category":"IN","name":"UNIBUSANDTEC","description":"University of Business And Technology","tags":[[{"category":"IT","tag":"PRIUNIANDCOL"}]]},{"category":"IN","name":"DRSOLFAKCOLMEDSCI","description":"Dr. Soliman Fakeeh College of Medical Sciences","tags":[[{"category":"IT","tag":"PRIUNIANDCOL"}]]},{"category":"IN","name":"RIYCOLDENANDPHA","description":"Riyadh Colleges of Dentistry And Pharmacy","tags":[[{"category":"IT","tag":"PRIUNIANDCOL"}]]},{"category":"IN","name":"IBNSINNATCOLFORMEDSTU","description":"Ibn Sina National College For Medical Studies","tags":[[{"category":"IT","tag":"PRIUNIANDCOL"}]]},{"category":"IN","name":"IBNSINPRICOLMEDSCI","description":"Ibn Sina Private College of Medical Sciences","tags":[[{"category":"IT","tag":"PRIUNIANDCOL"}]]},{"category":"IN","name":"BATMEDCOL","description":"Batterjee Medical College","tags":[[{"category":"IT","tag":"PRIUNIANDCOL"}]]},{"category":"IN","name":"SAACOLNURALLHEASCI","description":"Saad College of Nursing & Allied Health Sciences","tags":[[{"category":"IT","tag":"PRIUNIANDCOL"}]]},{"category":"IN","name":"ALRIYCOLFORHEASCI","description":"Al-riyada College For Health Sciences","tags":[[{"category":"IT","tag":"PRIUNIANDCOL"}]]},{"category":"IN","name":"ALMCOLFORSCITEC","description":"Almaarefa College For Science & Technology","tags":[[{"category":"IT","tag":"PRIUNIANDCOL"}]]},{"category":"IN","name":"BURCOL","description":"Buraydah Colleges","tags":[[{"category":"IT","tag":"PRIUNIANDCOL"}]]},{"category":"IN","name":"MOHALMCOLHEASCI","description":"Mohammed Almana College of Health Sciences","tags":[[{"category":"IT","tag":"PRIUNIANDCOL"}]]},{"category":"IN","name":"ALFCOL","description":"Alfarabi Colleges","tags":[[{"category":"IT","tag":"PRIUNIANDCOL"}]]},{"category":"IN","name":"ALGHAINTCOLFORHEASCI","description":"Al-ghad International Colleges For Health Sciences","tags":[[{"category":"IT","tag":"PRIUNIANDCOL"}]]},{"category":"IN","name":"SULALRAJCOL","description":"Sulaiman Al Rajhi Colleges","tags":[[{"category":"IT","tag":"PRIUNIANDCOL"}]]},{"category":"IN","name":"ARAEASCOL","description":"Arab East College","tags":[[{"category":"IT","tag":"PRIUNIANDCOL"}]]},{"category":"IN","name":"INAMEDCOL","description":"Inaya Medical College","tags":[[{"category":"IT","tag":"PRIUNIANDCOL"}]]},{"category":"IN","name":"TOTPRIUNIANDCOL","description":"Total Private Universities And Colleges","tags":[[{"category":"IT","tag":"PRIUNIANDCOL"}]]},{"category":"IN","name":"JUBINDCOL","description":"Jubail Industrial College","tags":[[{"category":"IT","tag":"OTHINS"}],[{"category":"IT","tag":"ALLINSTYP"}]]},{"category":"IN","name":"JUBUNICOL","description":"Jubail University College","tags":[[{"category":"IT","tag":"OTHINS"}],[{"category":"IT","tag":"ALLINSTYP"}]]},{"category":"IN","name":"YANINDCOL","description":"Yanbu Industrial College","tags":[[{"category":"IT","tag":"OTHINS"}]]},{"category":"IN","name":"YANUNICOL","description":"Yanbu University College","tags":[[{"category":"IT","tag":"OTHINS"}]]},{"category":"IN","name":"INSPUBADM","description":"Institute of Public Administration","tags":[[{"category":"IT","tag":"OTHINS"}]]},{"category":"IN","name":"PRISULMILCOLHEASCIDHA","description":"Prince Sultan Military College of Health Sciences Dhahran","tags":[[{"category":"IT","tag":"OTHINS"}],[{"category":"IT","tag":"ALLINSTYP"}]]},{"category":"IN","name":"JUBTECINS","description":"Jubail Technical Institute","tags":[[{"category":"IT","tag":"OTHINS"}]]},{"category":"IN","name":"TECANDVOCTRACOR","description":"Technical And Vocational Training Corporation","tags":[[{"category":"IT","tag":"OTHINS"}],[{"category":"IT","tag":"ALLINSTYP"}]]},{"category":"IN","name":"TOTOTHINSHIGEDU","description":"Total Other Institutions of Higher Education","tags":[[{"category":"IT","tag":"OTHINS"}]]},{"category":"IN","name":"TOTHIGEDUINSINKIN","description":"Total Higher Education Institutions In the Kingdom","tags":[[{"category":"IT","tag":"ALLINSTYP"}]]},{"category":"IN","name":"YANEDUSEC","description":"Yanbu Educational Sector","tags":[[{"category":"IT","tag":"OTHINS"}],[{"category":"IT","tag":"ALLINSTYP"}]]},{"category":"IN","name":"PRISULCOLFORTOUANDMANINABH","description":"Prince Sultan College For Tourism And Management In Abha","tags":[[{"category":"IT","tag":"PRIUNIANDCOL"}]]},{"category":"IN","name":"TOT","description":"Total","tags":[[{"category":"IT","tag":"ALLINSTYP"}]]},{"category":"IN","name":"KHAUNI","description":"Kharj University","tags":[[{"category":"IT","tag":"PUBUNI"}]]},{"category":"IN","name":"GENTOT","description":"General Total","tags":[[{"category":"IT","tag":"ALLINSTYP"}]]},{"category":"IN","name":"RIYUNIFORGIR","description":"Riyadh University For Girls","tags":[[{"category":"IT","tag":"PUBUNI"}]]},{"category":"IN","name":"PRISOLCOLFORTOUANDBUSINJED","description":"Prince Soltan College For Tourism And Business In Jeddah","tags":[[{"category":"IT","tag":"PRIUNIANDCOL"}]]}]